library,cell_type,is_fill,width_um,height_um,bbox_width_um,bbox_height_um,transistor_count,definitions
mcu7t3v3,and2_2,False,3.920,3.920,4.780,4.780,8,1
mcu7t3v3,and2_4,False,5.600,3.920,6.460,4.780,12,1
mcu7t3v3,ao211_2,False,6.160,3.920,7.020,4.780,12,1
mcu7t3v3,ao21_2,False,5.600,3.920,6.460,4.780,10,1
mcu7t3v3,ao21b_2,False,9.520,3.920,10.380,4.780,18,1
mcu7t3v3,ao22_2,False,6.160,3.920,7.020,4.780,12,1
mcu7t3v3,ao31_2,False,5.600,3.920,6.460,4.780,12,1
mcu7t3v3,ao31_4,False,7.280,3.920,8.140,4.780,16,1
mcu7t3v3,aoi211_2,False,7.840,3.920,8.700,4.780,16,1
mcu7t3v3,aoi211_4,False,14.000,3.920,14.860,4.780,32,1
mcu7t3v3,aoi21_2,False,5.600,3.920,6.460,4.780,12,1
mcu7t3v3,aoi21_4,False,10.640,3.920,11.500,4.780,24,1
mcu7t3v3,aoi21b_2,False,7.280,3.920,8.140,4.780,14,1
mcu7t3v3,aoi21b_4,False,11.760,3.920,12.620,4.780,26,1
mcu7t3v3,aoi22_2,False,7.840,3.920,8.700,4.780,16,1
mcu7t3v3,aoi22_4,False,14.560,3.920,15.420,4.780,32,1
mcu7t3v3,aoi31_2,False,7.840,3.920,8.700,4.780,16,1
mcu7t3v3,aoi31_4,False,14.560,3.920,15.420,4.780,32,1
mcu7t3v3,buff_12,False,14.000,3.920,14.860,4.780,32,3
mcu7t3v3,buff_2,False,3.360,3.920,4.220,4.780,6,1
mcu7t3v3,buff_4,False,5.040,3.920,5.900,4.780,10,1
mcu7t3v3,buff_8,False,10.080,3.920,10.940,4.780,22,1
mcu7t3v3,clkbuff_12,False,14.000,3.920,14.860,4.780,32,1
mcu7t3v3,clkbuff_4,False,5.040,3.920,5.900,4.780,10,1
mcu7t3v3,clkbuff_8,False,10.080,3.920,10.940,4.780,22,1
mcu7t3v3,dfsrtp_2,False,20.720,3.920,21.580,4.780,34,1
mcu7t3v3,dfxtn_2,False,15.120,3.920,15.980,4.780,26,1
mcu7t3v3,dfxtp_2,False,15.120,3.920,15.980,4.780,26,1
mcu7t3v3,diode_2,True,1.120,3.920,1.980,4.780,0,1
mcu7t3v3,fill_1,True,0.560,3.920,1.420,4.780,0,1
mcu7t3v3,fill_2,True,1.120,3.920,1.980,4.780,0,1
mcu7t3v3,fillcap_16,True,8.960,3.920,9.820,4.780,2,1
mcu7t3v3,fillcap_4,True,2.240,3.920,3.100,4.780,2,3
mcu7t3v3,fillcap_8,True,4.480,3.920,5.340,4.780,2,1
mcu7t3v3,inv_2,False,2.240,3.920,3.100,4.780,4,1
mcu7t3v3,inv_4,False,3.920,3.920,4.780,4.780,8,1
mcu7t3v3,inv_6,False,5.600,3.920,6.460,4.780,12,1
mcu7t3v3,invz_2,False,8.960,3.920,9.820,4.780,14,1
mcu7t3v3,maj3_2,False,6.720,3.920,7.580,4.780,16,1
mcu7t3v3,mux2_2,False,6.720,3.920,7.580,4.780,14,1
mcu7t3v3,mux2_4,False,8.400,3.920,9.260,4.780,18,3
mcu7t3v3,nand2_2,False,3.920,3.920,4.780,4.780,8,1
mcu7t3v3,nand2_4,False,7.280,3.920,8.155,4.780,16,1
mcu7t3v3,nand2b_2,False,5.600,3.920,6.460,4.780,10,1
mcu7t3v3,nand2b_4,False,8.960,3.920,9.820,4.780,18,1
mcu7t3v3,nand3_2,False,6.160,3.920,7.020,4.780,12,1
mcu7t3v3,nand4_2,False,7.840,3.920,8.700,4.780,16,1
mcu7t3v3,nor2_2,False,3.920,3.920,4.780,4.780,8,1
mcu7t3v3,nor2_4,False,7.280,3.920,8.140,4.780,16,1
mcu7t3v3,nor2b_2,False,5.600,3.920,6.460,4.780,10,1
mcu7t3v3,nor2b_4,False,8.960,3.920,9.820,4.780,18,1
mcu7t3v3,nor3_2,False,6.160,3.920,7.020,4.780,12,1
mcu7t3v3,oai211_2,False,8.400,3.920,9.260,4.780,16,1
mcu7t3v3,or2_2,False,3.920,3.920,4.780,4.780,8,1
mcu7t3v3,tap_2,True,1.120,3.920,1.980,4.780,0,3
mcu7t3v3,tieh_4,True,2.240,3.920,3.100,4.780,2,3
mcu7t3v3,tiel_4,True,2.240,3.920,3.100,4.780,2,3
mcu7t3v3,xnor2_2,False,7.840,3.920,8.700,4.780,14,1
mcu7t5v0,addf_1,False,18.480,3.920,19.340,4.780,28,6
mcu7t5v0,addf_2,False,20.160,3.920,21.020,4.780,32,3
mcu7t5v0,addf_4,False,24.640,3.920,25.500,4.780,40,2
mcu7t5v0,addh_1,False,10.080,3.920,10.940,4.780,14,6
mcu7t5v0,addh_2,False,12.320,3.920,13.180,4.780,18,2
mcu7t5v0,addh_4,False,22.400,3.920,23.260,4.780,36,2
mcu7t5v0,and2_1,False,4.480,3.920,5.340,4.780,6,156
mcu7t5v0,and2_1_0,False,4.480,3.920,5.340,4.780,6,1
mcu7t5v0,and2_2,False,5.040,3.920,5.900,4.780,8,110
mcu7t5v0,and2_4,False,9.520,3.920,10.380,4.780,16,82
mcu7t5v0,and3_1,False,5.600,3.920,6.460,4.780,8,143
mcu7t5v0,and3_1_0,False,5.600,3.920,6.460,4.780,8,1
mcu7t5v0,and3_2,False,6.160,3.920,7.020,4.780,10,80
mcu7t5v0,and3_4,False,11.200,3.920,12.060,4.780,20,54
mcu7t5v0,and4_1,False,6.160,3.920,7.020,4.780,10,135
mcu7t5v0,and4_1_0,False,6.160,3.920,7.020,4.780,10,1
mcu7t5v0,and4_2,False,7.280,3.920,8.140,4.780,12,69
mcu7t5v0,and4_4,False,13.440,3.920,14.300,4.780,24,47
mcu7t5v0,antenna,True,1.120,3.920,1.980,4.780,0,113
mcu7t5v0,aoi211_1,False,5.600,3.920,6.460,4.780,8,136
mcu7t5v0,aoi211_1_0,False,5.600,3.920,6.460,4.780,8,1
mcu7t5v0,aoi211_2,False,9.520,3.920,10.380,4.780,16,98
mcu7t5v0,aoi211_4,False,20.160,3.920,21.020,4.780,32,92
mcu7t5v0,aoi21_1,False,4.480,3.920,5.340,4.780,6,149
mcu7t5v0,aoi21_1_0,False,4.480,3.920,5.340,4.780,6,1
mcu7t5v0,aoi21_2,False,7.280,3.920,8.140,4.780,12,117
mcu7t5v0,aoi21_4,False,13.440,3.920,14.300,4.780,24,101
mcu7t5v0,aoi221_1,False,6.160,3.920,7.020,4.780,10,136
mcu7t5v0,aoi221_1_0,False,6.160,3.920,7.020,4.780,10,1
mcu7t5v0,aoi221_2,False,12.880,3.920,13.740,4.780,20,93
mcu7t5v0,aoi221_4,False,22.400,3.920,23.260,4.780,40,93
mcu7t5v0,aoi222_1,False,7.840,3.920,8.700,4.780,12,69
mcu7t5v0,aoi222_1_0,False,7.840,3.920,8.700,4.780,12,1
mcu7t5v0,aoi222_2,False,14.000,3.920,14.860,4.780,24,52
mcu7t5v0,aoi222_4,False,26.320,3.920,27.180,4.780,48,36
mcu7t5v0,aoi22_1,False,5.040,3.920,5.900,4.780,8,143
mcu7t5v0,aoi22_1_0,False,5.040,3.920,5.900,4.780,8,1
mcu7t5v0,aoi22_2,False,8.960,3.920,9.820,4.780,16,93
mcu7t5v0,aoi22_4,False,17.920,3.920,18.780,4.780,32,67
mcu7t5v0,buf_1,False,3.360,3.920,4.220,4.780,4,155
mcu7t5v0,buf_12,False,21.280,3.920,22.140,4.780,36,69
mcu7t5v0,buf_12_0,False,21.280,3.920,22.140,4.780,36,1
mcu7t5v0,buf_16,False,28.000,3.920,28.860,4.780,48,32
mcu7t5v0,buf_2,False,4.480,3.920,5.340,4.780,6,174
mcu7t5v0,buf_20,False,34.720,3.920,35.580,4.780,60,26
mcu7t5v0,buf_3,False,5.600,3.920,6.460,4.780,8,127
mcu7t5v0,buf_4,False,7.840,3.920,8.700,4.780,12,156
mcu7t5v0,buf_8,False,14.560,3.920,15.420,4.780,24,109
mcu7t5v0,buf_8_0,False,14.560,3.920,15.420,4.780,24,1
mcu7t5v0,bufz_1,False,7.840,3.920,8.700,4.780,10,6
mcu7t5v0,bufz_12,False,25.760,3.920,26.620,4.780,42,4
mcu7t5v0,bufz_16,False,32.480,3.920,33.340,4.780,54,2
mcu7t5v0,bufz_2,False,8.400,3.920,9.260,4.780,12,2
mcu7t5v0,bufz_3,False,11.200,3.920,12.060,4.780,16,2
mcu7t5v0,bufz_4,False,12.320,3.920,13.180,4.780,18,2
mcu7t5v0,bufz_8,False,19.040,3.920,19.900,4.780,30,2
mcu7t5v0,clkbuf_1,False,3.360,3.920,4.220,4.780,4,137
mcu7t5v0,clkbuf_12,False,21.280,3.920,22.140,4.780,35,16
mcu7t5v0,clkbuf_16,False,28.000,3.920,28.860,4.780,46,154
mcu7t5v0,clkbuf_2,False,4.480,3.920,5.340,4.780,6,156
mcu7t5v0,clkbuf_20,False,34.720,3.920,35.580,4.780,58,8
mcu7t5v0,clkbuf_3,False,7.840,3.920,8.700,4.780,11,140
mcu7t5v0,clkbuf_4,False,7.840,3.920,8.700,4.780,11,141
mcu7t5v0,clkbuf_4_0,False,7.840,3.920,8.700,4.780,11,1
mcu7t5v0,clkbuf_8,False,14.560,3.920,15.420,4.780,23,133
mcu7t5v0,clkbuf_8_0,False,14.560,3.920,15.420,4.780,23,1
mcu7t5v0,clkinv_1,False,2.240,3.920,3.100,4.780,2,162
mcu7t5v0,clkinv_12,False,14.560,3.920,15.420,4.780,24,52
mcu7t5v0,clkinv_16,False,19.040,3.920,19.900,4.780,32,29
mcu7t5v0,clkinv_1_0,False,2.240,3.920,3.100,4.780,2,1
mcu7t5v0,clkinv_2,False,3.360,3.920,4.220,4.780,4,124
mcu7t5v0,clkinv_20,False,23.520,3.920,24.380,4.780,40,22
mcu7t5v0,clkinv_3,False,4.480,3.920,5.340,4.780,6,81
mcu7t5v0,clkinv_4,False,5.600,3.920,6.460,4.780,8,109
mcu7t5v0,clkinv_8,False,10.080,3.920,10.940,4.780,16,107
mcu7t5v0,dffnq_1,False,16.800,3.920,17.660,4.780,24,20
mcu7t5v0,dffnq_2,False,18.480,3.920,19.340,4.780,26,12
mcu7t5v0,dffnq_4,False,21.280,3.920,22.140,4.780,30,9
mcu7t5v0,dffnrnq_1,False,19.040,3.920,19.900,4.780,28,9
mcu7t5v0,dffnrnq_1_0,False,19.040,3.920,19.900,4.780,28,1
mcu7t5v0,dffnrnq_2,False,20.160,3.920,21.020,4.780,30,2
mcu7t5v0,dffnrnq_4,False,22.400,3.920,23.260,4.780,34,2
mcu7t5v0,dffnrsnq_1,False,24.080,3.920,24.940,4.780,32,2
mcu7t5v0,dffnrsnq_2,False,25.200,3.920,26.060,4.780,34,2
mcu7t5v0,dffnrsnq_4,False,27.440,3.920,28.300,4.780,38,2
mcu7t5v0,dffnsnq_1,False,20.160,3.920,21.020,4.780,28,9
mcu7t5v0,dffnsnq_1_0,False,20.160,3.920,21.020,4.780,28,1
mcu7t5v0,dffnsnq_2,False,21.280,3.920,22.140,4.780,30,4
mcu7t5v0,dffnsnq_4,False,23.520,3.920,24.380,4.780,34,2
mcu7t5v0,dffq_1,False,16.240,3.920,17.100,4.780,24,121
mcu7t5v0,dffq_2,False,17.360,3.920,18.220,4.780,26,73
mcu7t5v0,dffq_4,False,20.160,3.920,21.020,4.780,32,67
mcu7t5v0,dffrnq_1,False,19.040,3.920,19.900,4.780,28,87
mcu7t5v0,dffrnq_1_0,False,19.040,3.920,19.900,4.780,28,1
mcu7t5v0,dffrnq_2,False,20.160,3.920,21.020,4.780,30,63
mcu7t5v0,dffrnq_4,False,22.400,3.920,23.260,4.780,34,29
mcu7t5v0,dffrsnq_1,False,21.840,3.920,22.700,4.780,32,7
mcu7t5v0,dffrsnq_2,False,22.960,3.920,23.820,4.780,34,4
mcu7t5v0,dffrsnq_4,False,25.200,3.920,26.060,4.780,38,2
mcu7t5v0,dffsnq_1,False,20.160,3.920,21.020,4.780,28,55
mcu7t5v0,dffsnq_1_0,False,20.160,3.920,21.020,4.780,28,1
mcu7t5v0,dffsnq_2,False,21.280,3.920,22.140,4.780,30,20
mcu7t5v0,dffsnq_4,False,24.080,3.920,24.940,4.780,36,17
mcu7t5v0,dfxtn_2,False,18.480,3.920,19.340,4.780,26,1
mcu7t5v0,dfxtp_2,False,18.480,3.920,19.340,4.780,26,4
mcu7t5v0,dlya_1,False,6.160,3.920,7.020,4.780,8,48
mcu7t5v0,dlya_2,False,7.280,3.920,8.140,4.780,10,42
mcu7t5v0,dlya_4,False,9.520,3.920,10.380,4.780,14,3
mcu7t5v0,dlyb_1,False,8.960,3.920,9.820,4.780,12,150
mcu7t5v0,dlyb_1_0,False,8.960,3.920,9.820,4.780,12,1
mcu7t5v0,dlyb_2,False,10.080,3.920,10.940,4.780,14,5
mcu7t5v0,dlyb_4,False,12.320,3.920,13.180,4.780,18,2
mcu7t5v0,dlyc_1,False,14.000,3.920,14.860,4.780,20,28
mcu7t5v0,dlyc_2,False,15.120,3.920,15.980,4.780,22,18
mcu7t5v0,dlyc_4,False,17.360,3.920,18.220,4.780,26,2
mcu7t5v0,dlyd_1,False,19.040,3.920,19.900,4.780,28,2
mcu7t5v0,dlyd_2,False,20.160,3.920,21.020,4.780,30,5
mcu7t5v0,dlyd_4,False,22.400,3.920,23.260,4.780,34,4
mcu7t5v0,dy_dfxtp_2,False,15.680,3.920,16.540,4.780,18,1
mcu7t5v0,endcap,True,1.120,3.920,1.980,4.780,0,207
mcu7t5v0,endcap_0,True,1.120,3.920,1.980,4.780,0,1
mcu7t5v0,fill_1,True,0.560,3.920,1.420,4.780,0,197
mcu7t5v0,fill_16,True,8.960,3.920,9.820,4.780,0,4
mcu7t5v0,fill_1_0,True,0.560,3.920,1.420,4.780,0,1
mcu7t5v0,fill_2,True,1.120,3.920,1.980,4.780,0,200
mcu7t5v0,fill_2_0,True,1.120,3.920,1.980,4.780,0,1
mcu7t5v0,fill_32,True,17.920,3.920,18.780,4.780,0,4
mcu7t5v0,fill_4,True,2.240,3.920,3.100,4.780,0,4
mcu7t5v0,fill_64,True,35.840,3.920,36.700,4.780,0,4
mcu7t5v0,fill_8,True,4.480,3.920,5.340,4.780,0,4
mcu7t5v0,fillcap_16,True,8.960,3.920,9.820,4.780,8,185
mcu7t5v0,fillcap_16_0,True,8.960,3.920,9.820,4.780,8,1
mcu7t5v0,fillcap_32,True,17.920,3.920,18.780,4.780,16,181
mcu7t5v0,fillcap_32_0,True,17.920,3.920,18.780,4.780,16,1
mcu7t5v0,fillcap_4,True,2.240,3.920,3.100,4.780,2,201
mcu7t5v0,fillcap_4_0,True,2.240,3.920,3.100,4.780,2,1
mcu7t5v0,fillcap_64,True,35.840,3.920,36.700,4.780,32,170
mcu7t5v0,fillcap_64_0,True,35.840,3.920,36.700,4.780,32,1
mcu7t5v0,fillcap_8,True,4.480,3.920,5.340,4.780,4,196
mcu7t5v0,fillcap_8_0,True,4.480,3.920,5.340,4.780,4,1
mcu7t5v0,filltie,True,1.120,3.920,1.980,4.780,0,211
mcu7t5v0,filltie_0,True,1.120,3.920,1.980,4.780,0,1
mcu7t5v0,hold,False,5.040,3.920,5.900,4.780,4,4
mcu7t5v0,icgtn_1,False,17.360,3.920,18.220,4.780,24,2
mcu7t5v0,icgtn_2,False,18.480,3.920,19.340,4.780,26,2
mcu7t5v0,icgtn_4,False,20.720,3.920,21.580,4.780,30,2
mcu7t5v0,icgtp_1,False,15.680,3.920,16.540,4.780,22,2
mcu7t5v0,icgtp_2,False,16.800,3.920,17.660,4.780,24,2
mcu7t5v0,icgtp_4,False,19.040,3.920,19.900,4.780,28,3
mcu7t5v0,inv_1,False,2.240,3.920,3.100,4.780,2,151
mcu7t5v0,inv_12,False,14.560,3.920,15.420,4.780,24,48
mcu7t5v0,inv_16,False,19.040,3.920,19.900,4.780,32,13
mcu7t5v0,inv_2,False,3.360,3.920,4.220,4.780,4,138
mcu7t5v0,inv_20,False,23.520,3.920,24.380,4.780,40,23
mcu7t5v0,inv_2_0,False,3.360,3.920,4.220,4.780,4,1
mcu7t5v0,inv_3,False,4.480,3.920,5.340,4.780,6,126
mcu7t5v0,inv_4,False,5.600,3.920,6.460,4.780,8,126
mcu7t5v0,inv_8,False,10.080,3.920,10.940,4.780,16,63
mcu7t5v0,invz_1,False,9.520,3.920,10.380,4.780,12,4
mcu7t5v0,invz_12,False,30.240,3.920,31.100,4.780,48,2
mcu7t5v0,invz_16,False,39.200,3.920,40.060,4.780,62,2
mcu7t5v0,invz_2,False,9.520,3.920,10.380,4.780,14,4
mcu7t5v0,invz_3,False,12.880,3.920,13.740,4.780,18,2
mcu7t5v0,invz_4,False,13.440,3.920,14.300,4.780,20,4
mcu7t5v0,invz_8,False,21.840,3.920,22.700,4.780,34,4
mcu7t5v0,latq_1,False,11.200,3.920,12.060,4.780,16,16
mcu7t5v0,latq_2,False,12.320,3.920,13.180,4.780,18,4
mcu7t5v0,latq_4,False,15.680,3.920,16.540,4.780,24,4
mcu7t5v0,latrnq_1,False,12.320,3.920,13.180,4.780,19,4
mcu7t5v0,latrnq_2,False,13.440,3.920,14.300,4.780,21,2
mcu7t5v0,latrnq_4,False,17.360,3.920,18.220,4.780,29,2
mcu7t5v0,latrsnq_1,False,13.440,3.920,14.300,4.780,21,2
mcu7t5v0,latrsnq_2,False,14.000,3.920,14.860,4.780,23,2
mcu7t5v0,latrsnq_4,False,17.360,3.920,18.220,4.780,29,2
mcu7t5v0,latsnq_1,False,11.760,3.920,12.620,4.780,18,2
mcu7t5v0,latsnq_2,False,12.320,3.920,13.180,4.780,20,2
mcu7t5v0,latsnq_4,False,15.680,3.920,16.540,4.780,26,2
mcu7t5v0,mux2_1,False,7.280,3.920,8.140,4.780,12,4
mcu7t5v0,mux2_2,False,8.400,3.920,9.260,4.780,14,153
mcu7t5v0,mux2_2_0,False,8.400,3.920,9.260,4.780,14,1
mcu7t5v0,mux2_4,False,10.640,3.920,11.500,4.780,18,37
mcu7t5v0,mux4_1,False,17.920,3.920,18.780,4.780,26,72
mcu7t5v0,mux4_1_0,False,17.920,3.920,18.780,4.780,26,1
mcu7t5v0,mux4_2,False,19.040,3.920,19.900,4.780,28,40
mcu7t5v0,mux4_4,False,21.280,3.920,22.140,4.780,32,22
mcu7t5v0,nand2_1,False,2.800,3.920,3.660,4.780,4,165
mcu7t5v0,nand2_1_0,False,2.800,3.920,3.660,4.780,4,1
mcu7t5v0,nand2_2,False,5.040,3.920,5.900,4.780,8,122
mcu7t5v0,nand2_2_0,False,5.040,3.920,5.900,4.780,8,1
mcu7t5v0,nand2_4,False,8.960,3.920,9.820,4.780,16,95
mcu7t5v0,nand3_1,False,3.920,3.920,4.780,4.780,6,149
mcu7t5v0,nand3_1_0,False,3.920,3.920,4.780,4.780,6,1
mcu7t5v0,nand3_2,False,7.280,3.920,8.140,4.780,12,114
mcu7t5v0,nand3_2_0,False,7.280,3.920,8.140,4.780,12,1
mcu7t5v0,nand3_4,False,14.560,3.920,15.420,4.780,24,96
mcu7t5v0,nand4_1,False,5.040,3.920,5.900,4.780,8,134
mcu7t5v0,nand4_2,False,8.960,3.920,9.820,4.780,16,111
mcu7t5v0,nand4_4,False,17.920,3.920,18.780,4.780,32,105
mcu7t5v0,nor2_1,False,3.360,3.920,4.220,4.780,4,158
mcu7t5v0,nor2_1_0,False,3.360,3.920,4.220,4.780,4,1
mcu7t5v0,nor2_2,False,5.600,3.920,6.460,4.780,8,126
mcu7t5v0,nor2_2_0,False,5.600,3.920,6.460,4.780,8,1
mcu7t5v0,nor2_4,False,10.080,3.920,10.940,4.780,16,120
mcu7t5v0,nor3_1,False,4.480,3.920,5.340,4.780,6,142
mcu7t5v0,nor3_1_0,False,4.480,3.920,5.340,4.780,6,1
mcu7t5v0,nor3_2,False,7.840,3.920,8.700,4.780,12,120
mcu7t5v0,nor3_2_0,False,7.840,3.920,8.700,4.780,12,1
mcu7t5v0,nor3_4,False,14.560,3.920,15.420,4.780,24,102
mcu7t5v0,nor4_1,False,5.600,3.920,6.460,4.780,8,132
mcu7t5v0,nor4_1_0,False,5.600,3.920,6.460,4.780,8,1
mcu7t5v0,nor4_2,False,10.080,3.920,10.940,4.780,16,109
mcu7t5v0,nor4_4,False,20.720,3.920,21.580,4.780,32,102
mcu7t5v0,oai211_1,False,5.600,3.920,6.460,4.780,8,136
mcu7t5v0,oai211_1_0,False,5.600,3.920,6.460,4.780,8,1
mcu7t5v0,oai211_2,False,10.080,3.920,10.940,4.780,16,101
mcu7t5v0,oai211_4,False,18.480,3.920,19.340,4.780,32,94
mcu7t5v0,oai21_1,False,4.480,3.920,5.340,4.780,6,147
mcu7t5v0,oai21_1_0,False,4.480,3.920,5.340,4.780,6,1
mcu7t5v0,oai21_2,False,8.400,3.920,9.260,4.780,12,113
mcu7t5v0,oai21_4,False,15.120,3.920,15.980,4.780,24,110
mcu7t5v0,oai221_1,False,6.720,3.920,7.580,4.780,10,130
mcu7t5v0,oai221_2,False,12.880,3.920,13.740,4.780,20,68
mcu7t5v0,oai221_4,False,24.080,3.920,24.940,4.780,40,60
mcu7t5v0,oai222_1,False,8.400,3.920,9.260,4.780,12,47
mcu7t5v0,oai222_2,False,15.120,3.920,15.980,4.780,24,31
mcu7t5v0,oai222_4,False,28.560,3.920,29.420,4.780,48,27
mcu7t5v0,oai22_1,False,5.600,3.920,6.460,4.780,8,135
mcu7t5v0,oai22_1_0,False,5.600,3.920,6.460,4.780,8,1
mcu7t5v0,oai22_2,False,10.640,3.920,11.500,4.780,16,85
mcu7t5v0,oai22_4,False,19.600,3.920,20.460,4.780,32,60
mcu7t5v0,oai31_1,False,6.160,3.920,7.020,4.780,8,137
mcu7t5v0,oai31_1_0,False,6.160,3.920,7.020,4.780,8,1
mcu7t5v0,oai31_2,False,10.640,3.920,11.500,4.780,16,92
mcu7t5v0,oai31_4,False,19.600,3.920,20.460,4.780,32,81
mcu7t5v0,oai32_1,False,6.720,3.920,7.580,4.780,10,131
mcu7t5v0,oai32_1_0,False,6.720,3.920,7.580,4.780,10,1
mcu7t5v0,oai32_2,False,12.880,3.920,13.740,4.780,20,66
mcu7t5v0,oai32_4,False,24.080,3.920,24.940,4.780,40,57
mcu7t5v0,oai33_1,False,8.400,3.920,9.260,4.780,12,42
mcu7t5v0,oai33_2,False,15.120,3.920,15.980,4.780,24,2
mcu7t5v0,oai33_4,False,28.560,3.920,29.420,4.780,48,29
mcu7t5v0,or2_1,False,4.480,3.920,5.340,4.780,6,150
mcu7t5v0,or2_1_0,False,4.480,3.920,5.340,4.780,6,1
mcu7t5v0,or2_2,False,5.600,3.920,6.460,4.780,8,114
mcu7t5v0,or2_4,False,10.080,3.920,10.940,4.780,16,67
mcu7t5v0,or3_1,False,5.600,3.920,6.460,4.780,8,126
mcu7t5v0,or3_1_0,False,5.600,3.920,6.460,4.780,8,1
mcu7t5v0,or3_2,False,6.720,3.920,7.580,4.780,10,88
mcu7t5v0,or3_4,False,12.320,3.920,13.180,4.780,20,58
mcu7t5v0,or4_1,False,6.720,3.920,7.580,4.780,10,112
mcu7t5v0,or4_1_0,False,6.720,3.920,7.580,4.780,10,1
mcu7t5v0,or4_2,False,7.840,3.920,8.700,4.780,12,63
mcu7t5v0,or4_4,False,14.560,3.920,15.420,4.780,24,38
mcu7t5v0,sdffq_1,False,21.280,3.920,22.140,4.780,32,2
mcu7t5v0,sdffq_2,False,22.400,3.920,23.260,4.780,34,2
mcu7t5v0,sdffq_4,False,24.640,3.920,25.500,4.780,38,2
mcu7t5v0,sdffrnq_1,False,24.080,3.920,24.940,4.780,36,2
mcu7t5v0,sdffrnq_2,False,25.200,3.920,26.060,4.780,38,2
mcu7t5v0,sdffrnq_4,False,27.440,3.920,28.300,4.780,42,2
mcu7t5v0,sdffrsnq_1,False,26.880,3.920,27.740,4.780,40,2
mcu7t5v0,sdffrsnq_2,False,28.000,3.920,28.860,4.780,42,2
mcu7t5v0,sdffrsnq_4,False,30.240,3.920,31.100,4.780,46,2
mcu7t5v0,sdffsnq_1,False,25.200,3.920,26.060,4.780,36,2
mcu7t5v0,sdffsnq_2,False,26.320,3.920,27.180,4.780,38,2
mcu7t5v0,sdffsnq_4,False,29.680,3.920,30.540,4.780,44,2
mcu7t5v0,tieh,True,2.240,3.920,3.100,4.780,2,104
mcu7t5v0,tiel,True,2.240,3.920,3.100,4.780,2,138
mcu7t5v0,xnor2_1,False,7.280,3.920,8.140,4.780,10,130
mcu7t5v0,xnor2_1_0,False,7.280,3.920,8.140,4.780,10,1
mcu7t5v0,xnor2_2,False,9.520,3.920,10.380,4.780,14,66
mcu7t5v0,xnor2_4,False,11.760,3.920,12.620,4.780,18,10
mcu7t5v0,xnor3_1,False,13.440,3.920,14.300,4.780,20,71
mcu7t5v0,xnor3_2,False,15.680,3.920,16.540,4.780,24,30
mcu7t5v0,xnor3_4,False,17.920,3.920,18.780,4.780,28,6
mcu7t5v0,xor2_1,False,6.720,3.920,7.580,4.780,10,149
mcu7t5v0,xor2_1_0,False,6.720,3.920,7.580,4.780,10,1
mcu7t5v0,xor2_2,False,10.080,3.920,10.940,4.780,14,83
mcu7t5v0,xor2_4,False,12.320,3.920,13.180,4.780,18,19
mcu7t5v0,xor3_1,False,12.880,3.920,13.740,4.780,20,89
mcu7t5v0,xor3_2,False,16.240,3.920,17.100,4.780,24,46
mcu7t5v0,xor3_4,False,18.480,3.920,19.340,4.780,28,12
mcu9t5v0,and2_1,False,4.480,5.040,5.340,5.940,6,15
mcu9t5v0,and2_2,False,5.040,5.040,5.900,5.940,8,10
mcu9t5v0,and2_4,False,9.520,5.040,10.380,5.940,16,9
mcu9t5v0,and3_1,False,5.600,5.040,6.460,5.940,8,15
mcu9t5v0,and3_2,False,6.160,5.040,7.020,5.940,10,10
mcu9t5v0,and3_4,False,11.200,5.040,12.060,5.940,20,8
mcu9t5v0,and4_1,False,6.160,5.040,7.020,5.940,10,15
mcu9t5v0,and4_2,False,7.280,5.040,8.140,5.940,12,8
mcu9t5v0,and4_4,False,13.440,5.040,14.300,5.940,24,6
mcu9t5v0,antenna,True,1.120,5.040,1.980,5.940,0,15
mcu9t5v0,aoi211_1,False,5.600,5.040,6.460,5.940,8,15
mcu9t5v0,aoi211_2,False,9.520,5.040,10.380,5.940,16,14
mcu9t5v0,aoi211_4,False,20.160,5.040,21.020,5.940,32,11
mcu9t5v0,aoi21_1,False,4.480,5.040,5.340,5.940,6,15
mcu9t5v0,aoi21_2,False,7.280,5.040,8.140,5.940,12,15
mcu9t5v0,aoi21_4,False,13.440,5.040,14.300,5.940,24,15
mcu9t5v0,aoi221_1,False,6.160,5.040,7.020,5.940,10,15
mcu9t5v0,aoi221_2,False,11.760,5.040,12.620,5.940,20,13
mcu9t5v0,aoi221_4,False,22.400,5.040,23.260,5.940,40,13
mcu9t5v0,aoi222_1,False,7.840,5.040,8.700,5.940,12,7
mcu9t5v0,aoi222_2,False,14.000,5.040,14.860,5.940,24,2
mcu9t5v0,aoi222_4,False,26.320,5.040,27.180,5.940,48,1
mcu9t5v0,aoi22_1,False,5.040,5.040,5.900,5.940,8,15
mcu9t5v0,aoi22_2,False,8.960,5.040,9.820,5.940,16,15
mcu9t5v0,aoi22_4,False,17.360,5.040,18.220,5.940,32,10
mcu9t5v0,buf_1,False,3.360,5.040,4.220,5.940,4,16
mcu9t5v0,buf_12,False,21.280,5.040,22.140,5.940,36,9
mcu9t5v0,buf_16,False,28.000,5.040,28.860,5.940,48,5
mcu9t5v0,buf_2,False,4.480,5.040,5.340,5.940,6,15
mcu9t5v0,buf_20,False,34.720,5.040,35.580,5.940,60,4
mcu9t5v0,buf_3,False,5.600,5.040,6.460,5.940,8,15
mcu9t5v0,buf_4,False,7.840,5.040,8.700,5.940,12,15
mcu9t5v0,buf_8,False,14.560,5.040,15.420,5.940,24,12
mcu9t5v0,clkbuf_1,False,3.360,5.040,4.220,5.940,4,15
mcu9t5v0,clkbuf_12,False,21.280,5.040,22.140,5.940,36,11
mcu9t5v0,clkbuf_16,False,28.000,5.040,28.860,5.940,48,14
mcu9t5v0,clkbuf_2,False,4.480,5.040,5.340,5.940,6,15
mcu9t5v0,clkbuf_20,False,34.720,5.040,35.580,5.940,60,7
mcu9t5v0,clkbuf_3,False,7.840,5.040,8.700,5.940,12,13
mcu9t5v0,clkbuf_4,False,7.840,5.040,8.700,5.940,12,14
mcu9t5v0,clkbuf_8,False,14.560,5.040,15.420,5.940,24,13
mcu9t5v0,clkinv_1,False,2.240,5.040,3.100,5.940,2,15
mcu9t5v0,clkinv_12,False,14.560,5.040,15.420,5.940,24,10
mcu9t5v0,clkinv_16,False,19.040,5.040,19.900,5.940,32,5
mcu9t5v0,clkinv_2,False,3.360,5.040,4.220,5.940,4,12
mcu9t5v0,clkinv_20,False,23.520,5.040,24.380,5.940,40,3
mcu9t5v0,clkinv_3,False,4.480,5.040,5.340,5.940,6,10
mcu9t5v0,clkinv_4,False,5.600,5.040,6.460,5.940,8,12
mcu9t5v0,clkinv_8,False,10.080,5.040,10.940,5.940,16,13
mcu9t5v0,dffnq_1,False,16.800,5.040,17.660,5.940,24,1
mcu9t5v0,dffnq_4,False,19.600,5.040,20.460,5.940,30,1
mcu9t5v0,dffnsnq_1,False,20.160,5.040,21.020,5.940,28,3
mcu9t5v0,dffnsnq_2,False,21.280,5.040,22.140,5.940,30,3
mcu9t5v0,dffq_1,False,15.680,5.040,16.540,5.940,24,11
mcu9t5v0,dffq_2,False,16.800,5.040,17.660,5.940,26,6
mcu9t5v0,dffq_4,False,19.600,5.040,20.460,5.940,32,6
mcu9t5v0,dffrnq_1,False,17.920,5.040,18.780,5.940,28,7
mcu9t5v0,dffrnq_2,False,19.040,5.040,19.900,5.940,30,6
mcu9t5v0,dffrnq_4,False,21.280,5.040,22.140,5.940,34,5
mcu9t5v0,dffsnq_1,False,20.160,5.040,21.020,5.940,28,6
mcu9t5v0,dffsnq_2,False,20.720,5.040,21.580,5.940,30,5
mcu9t5v0,dffsnq_4,False,23.520,5.040,24.380,5.940,36,1
mcu9t5v0,dlya_1,False,6.160,5.040,7.020,5.940,8,12
mcu9t5v0,dlya_2,False,7.280,5.040,8.140,5.940,10,1
mcu9t5v0,dlya_4,False,9.520,5.040,10.380,5.940,14,2
mcu9t5v0,dlyb_1,False,7.280,5.040,8.140,5.940,12,8
mcu9t5v0,dlyb_2,False,8.400,5.040,9.260,5.940,14,4
mcu9t5v0,dlyc_1,False,11.200,5.040,12.060,5.940,20,13
mcu9t5v0,dlyd_1,False,15.120,5.040,15.980,5.940,28,11
mcu9t5v0,endcap,True,1.120,5.040,4.480,5.940,0,18
mcu9t5v0,fill_1,True,0.560,5.040,1.420,5.940,0,16
mcu9t5v0,fill_2,True,1.120,5.040,1.980,5.940,0,16
mcu9t5v0,fillcap_16,True,8.960,5.040,9.820,5.940,8,16
mcu9t5v0,fillcap_32,True,17.920,5.040,18.780,5.940,16,17
mcu9t5v0,fillcap_4,True,2.240,5.040,3.100,5.940,2,16
mcu9t5v0,fillcap_64,True,35.840,5.040,36.700,5.940,32,16
mcu9t5v0,fillcap_8,True,4.480,5.040,5.340,5.940,4,16
mcu9t5v0,filltie,True,1.120,5.040,1.980,5.940,0,33
mcu9t5v0,icgtn_4,False,20.160,5.040,21.020,5.940,30,1
mcu9t5v0,inv_1,False,2.240,5.040,3.100,5.940,2,19
mcu9t5v0,inv_12,False,14.560,5.040,15.420,5.940,24,13
mcu9t5v0,inv_16,False,19.040,5.040,19.900,5.940,32,6
mcu9t5v0,inv_2,False,3.360,5.040,4.220,5.940,4,15
mcu9t5v0,inv_20,False,23.520,5.040,24.380,5.940,40,15
mcu9t5v0,inv_3,False,4.480,5.040,5.340,5.940,6,15
mcu9t5v0,inv_4,False,5.600,5.040,6.460,5.940,8,17
mcu9t5v0,inv_8,False,10.080,5.040,10.940,5.940,16,17
mcu9t5v0,latq_1,False,11.200,5.040,12.060,5.940,16,2
mcu9t5v0,mux2_1,False,7.280,5.040,8.140,5.940,12,15
mcu9t5v0,mux2_2,False,8.400,5.040,9.260,5.940,14,8
mcu9t5v0,mux2_4,False,10.640,5.040,11.500,5.940,18,5
mcu9t5v0,mux4_1,False,17.360,5.040,18.220,5.940,26,5
mcu9t5v0,nand2_1,False,2.800,5.040,3.660,5.940,4,19
mcu9t5v0,nand2_2,False,5.040,5.040,5.900,5.940,8,15
mcu9t5v0,nand2_4,False,8.960,5.040,9.820,5.940,16,17
mcu9t5v0,nand3_1,False,3.920,5.040,4.780,5.940,6,15
mcu9t5v0,nand3_2,False,7.280,5.040,8.140,5.940,12,14
mcu9t5v0,nand3_4,False,14.000,5.040,14.860,5.940,24,13
mcu9t5v0,nand4_1,False,5.040,5.040,5.900,5.940,8,15
mcu9t5v0,nand4_2,False,8.960,5.040,9.820,5.940,16,12
mcu9t5v0,nand4_4,False,17.360,5.040,18.220,5.940,32,12
mcu9t5v0,nor2_1,False,3.360,5.040,4.220,5.940,4,15
mcu9t5v0,nor2_2,False,5.600,5.040,6.460,5.940,8,15
mcu9t5v0,nor2_4,False,10.080,5.040,10.940,5.940,16,15
mcu9t5v0,nor3_1,False,4.480,5.040,5.340,5.940,6,15
mcu9t5v0,nor3_2,False,7.840,5.040,8.700,5.940,12,15
mcu9t5v0,nor3_4,False,14.560,5.040,15.420,5.940,24,14
mcu9t5v0,nor4_1,False,5.600,5.040,6.460,5.940,8,15
mcu9t5v0,nor4_2,False,10.080,5.040,10.940,5.940,16,15
mcu9t5v0,nor4_4,False,21.280,5.040,22.140,5.940,32,13
mcu9t5v0,oai211_1,False,5.600,5.040,6.460,5.940,8,15
mcu9t5v0,oai211_2,False,9.520,5.040,10.380,5.940,16,15
mcu9t5v0,oai211_4,False,17.920,5.040,18.780,5.940,32,8
mcu9t5v0,oai21_1,False,4.480,5.040,5.340,5.940,6,15
mcu9t5v0,oai21_2,False,7.840,5.040,8.700,5.940,12,15
mcu9t5v0,oai21_4,False,14.560,5.040,15.420,5.940,24,9
mcu9t5v0,oai221_1,False,6.720,5.040,7.580,5.940,10,15
mcu9t5v0,oai221_2,False,12.320,5.040,13.180,5.940,20,13
mcu9t5v0,oai221_4,False,24.080,5.040,24.940,5.940,40,5
mcu9t5v0,oai222_1,False,8.400,5.040,9.260,5.940,12,8
mcu9t5v0,oai222_2,False,15.120,5.040,15.980,5.940,24,2
mcu9t5v0,oai222_4,False,28.560,5.040,29.420,5.940,48,1
mcu9t5v0,oai22_1,False,5.600,5.040,6.460,5.940,8,15
mcu9t5v0,oai22_2,False,10.080,5.040,10.940,5.940,16,12
mcu9t5v0,oai22_4,False,19.040,5.040,19.900,5.940,32,8
mcu9t5v0,oai31_1,False,5.600,5.040,6.460,5.940,8,15
mcu9t5v0,oai31_2,False,10.080,5.040,10.940,5.940,16,14
mcu9t5v0,oai31_4,False,19.600,5.040,20.460,5.940,32,10
mcu9t5v0,oai32_1,False,6.720,5.040,7.580,5.940,10,12
mcu9t5v0,oai32_2,False,12.320,5.040,13.180,5.940,20,8
mcu9t5v0,oai32_4,False,24.080,5.040,24.940,5.940,40,6
mcu9t5v0,oai33_1,False,7.840,5.040,8.700,5.940,12,7
mcu9t5v0,oai33_2,False,14.560,5.040,15.420,5.940,24,2
mcu9t5v0,oai33_4,False,28.560,5.040,29.420,5.940,48,2
mcu9t5v0,or2_1,False,4.480,5.040,5.340,5.940,6,15
mcu9t5v0,or2_2,False,5.600,5.040,6.460,5.940,8,15
mcu9t5v0,or2_4,False,10.080,5.040,10.940,5.940,16,9
mcu9t5v0,or3_1,False,6.160,5.040,7.020,5.940,8,14
mcu9t5v0,or3_2,False,6.720,5.040,7.580,5.940,10,6
mcu9t5v0,or3_4,False,12.320,5.040,13.180,5.940,20,5
mcu9t5v0,or4_1,False,7.280,5.040,8.140,5.940,10,14
mcu9t5v0,or4_2,False,7.840,5.040,8.700,5.940,12,12
mcu9t5v0,or4_4,False,14.560,5.040,15.420,5.940,24,4
mcu9t5v0,sdffq_1,False,21.280,5.040,22.140,5.940,32,3
mcu9t5v0,sdffq_2,False,22.400,5.040,23.260,5.940,34,1
mcu9t5v0,sdffq_4,False,24.640,5.040,25.500,5.940,38,1
mcu9t5v0,sdffrnq_1,False,22.960,5.040,23.820,5.940,36,2
mcu9t5v0,sdffrnq_2,False,23.520,5.040,24.380,5.940,38,2
mcu9t5v0,sdffrnq_4,False,26.320,5.040,27.180,5.940,42,1
mcu9t5v0,sdffsnq_1,False,24.640,5.040,25.500,5.940,36,2
mcu9t5v0,sdffsnq_4,False,27.440,5.040,28.300,5.940,44,1
mcu9t5v0,tieh,True,2.240,5.040,3.100,5.940,2,17
mcu9t5v0,tiel,True,2.240,5.040,3.100,5.940,2,14
mcu9t5v0,xnor2_1,False,6.720,5.040,7.580,5.940,10,11
mcu9t5v0,xnor2_2,False,9.520,5.040,10.380,5.940,14,5
mcu9t5v0,xnor2_4,False,11.760,5.040,12.620,5.940,18,4
mcu9t5v0,xnor3_1,False,12.880,5.040,13.740,5.940,20,10
mcu9t5v0,xnor3_2,False,15.680,5.040,16.540,5.940,24,5
mcu9t5v0,xor2_1,False,6.720,5.040,7.580,5.940,10,12
mcu9t5v0,xor2_2,False,9.520,5.040,10.380,5.940,14,8
mcu9t5v0,xor2_4,False,11.760,5.040,12.620,5.940,18,5
mcu9t5v0,xor3_1,False,12.880,5.040,13.740,5.940,20,11
mcu9t5v0,xor3_2,False,15.680,5.040,16.540,5.940,24,1
