slot_id,cell_name,macro,instances
BTAP,BTAP_chip_top_0_0,gf180mcu_fd_ip_sram__sram256x8m8wm1,4
BTAP,BTAP_chip_top_0_0,gf180mcu_fd_ip_sram__sram512x8m8wm1,24
TZ01,TZ01_chip_top_0_4,gf180mcu_fd_ip_sram__sram128x8m8wm1,1
TZ01,TZ01_chip_top_0_4,gf180mcu_fd_ip_sram__sram256x8m8wm1,1
TZ01,TZ01_chip_top_0_4,gf180mcu_fd_ip_sram__sram512x8m8wm1,5
TZ01,TZ01_chip_top_0_4,gf180mcu_fd_ip_sram__sram64x8m8wm1,1
BTAP,BTAP_chip_top_2_0,gf180mcu_fd_ip_sram__sram256x8m8wm1,4
BTAP,BTAP_chip_top_2_0,gf180mcu_fd_ip_sram__sram512x8m8wm1,24
TZ01,TZ01_chip_top_2_4,gf180mcu_fd_ip_sram__sram128x8m8wm1,1
TZ01,TZ01_chip_top_2_4,gf180mcu_fd_ip_sram__sram256x8m8wm1,1
TZ01,TZ01_chip_top_2_4,gf180mcu_fd_ip_sram__sram512x8m8wm1,5
TZ01,TZ01_chip_top_2_4,gf180mcu_fd_ip_sram__sram64x8m8wm1,1
OCD2,OCD2_gf180mcu_ocd_sram_top_2_8,gf180mcu_ocd_ip_sram__sram1024x8m8wm1,1
OCD2,OCD2_gf180mcu_ocd_sram_top_2_8,gf180mcu_ocd_ip_sram__sram256x8m8wm1,2
OCD2,OCD2_gf180mcu_ocd_sram_top_2_8,gf180mcu_ocd_ip_sram__sram512x8m8wm1,1
OCD2,OCD2_gf180mcu_ocd_sram_top_4_8,gf180mcu_ocd_ip_sram__sram1024x8m8wm1,1
OCD2,OCD2_gf180mcu_ocd_sram_top_4_8,gf180mcu_ocd_ip_sram__sram256x8m8wm1,2
OCD2,OCD2_gf180mcu_ocd_sram_top_4_8,gf180mcu_ocd_ip_sram__sram512x8m8wm1,1
GD03,GD03_chip_top_6_6,gf180mcu_fd_ip_sram__sram512x8m8wm1,23
GD04,GD04_chip_top_6_8,gf180mcu_fd_ip_sram__sram512x8m8wm1,6
KIAN,KIAN_chip_top_8_0,gf180mcu_fd_ip_sram__sram512x8m8wm1,21
MOLE,MOLE_chip_top_8_4,gf180mcu_fd_ip_sram__sram512x8m8wm1,6
OCD1,OCD1_caravel_openframe_top_8_6,gf180mcu_ocd_ip_sram__sram256x8m8wm1,4
OCD1,OCD1_caravel_openframe_top_8_6,gf180mcu_ocd_ip_sram__sram512x8m8wm1,4
TQVC,TQVC_chip_top_8_8,gf180mcu_fd_ip_sram__sram512x8m8wm1,1
GD04,GD04_chip_top_10_8,gf180mcu_fd_ip_sram__sram512x8m8wm1,6
CAFE,CAFE_chip_top_12_0,gf180mcu_fd_ip_sram__sram512x8m8wm1,20
RBOY,RBOY_chip_top_12_6,gf180mcu_fd_ip_sram__sram256x8m8wm1,2
RBOY,RBOY_chip_top_12_6,gf180mcu_fd_ip_sram__sram512x8m8wm1,28
TQVC,TQVC_chip_top_12_8,gf180mcu_fd_ip_sram__sram512x8m8wm1,1
GD02,GD02_chip_top_14_4,gf180mcu_fd_ip_sram__sram512x8m8wm1,9
TQVB,TQVB_chip_top_14_6,gf180mcu_fd_ip_sram__sram512x8m8wm1,1
TQVA,TQVA_chip_top_14_8,gf180mcu_fd_ip_sram__sram512x8m8wm1,1
