slot_id,cell_name,grid_x,grid_y,x_mm,y_mm,transistor_count,stdcell_count
BTAP,BTAP_chip_top_0_0,3,0,3.0,0.0,52856,28
BTAP,BTAP_chip_top_0_0,1,1,1.0,1.0,207116,12331
BTAP,BTAP_chip_top_0_0,0,5,0.0,5.0,758,0
BTAP,BTAP_chip_top_0_0,1,5,1.0,5.0,739,0
BTAP,BTAP_chip_top_0_0,2,5,2.0,5.0,801,0
BTAP,BTAP_chip_top_0_0,3,5,3.0,5.0,662,0
RZ80,RZ80_chip_top_0_2,0,0,0.0,0.0,59446,8
RZ80,RZ80_chip_top_0_2,1,0,1.0,0.0,100976,32
RZ80,RZ80_chip_top_0_2,2,0,2.0,0.0,100995,8
RZ80,RZ80_chip_top_0_2,3,0,3.0,0.0,53039,1
RZ80,RZ80_chip_top_0_2,0,1,0.0,1.0,100117,16
RZ80,RZ80_chip_top_0_2,1,1,1.0,1.0,172648,17
RZ80,RZ80_chip_top_0_2,2,1,2.0,1.0,172675,13
RZ80,RZ80_chip_top_0_2,3,1,3.0,1.0,88445,4
RZ80,RZ80_chip_top_0_2,0,2,0.0,2.0,101251,408
RZ80,RZ80_chip_top_0_2,1,2,1.0,2.0,185124,3435
RZ80,RZ80_chip_top_0_2,2,2,2.0,2.0,173039,10
RZ80,RZ80_chip_top_0_2,3,2,3.0,2.0,88280,2
RZ80,RZ80_chip_top_0_2,0,3,0.0,3.0,100331,61
RZ80,RZ80_chip_top_0_2,1,3,1.0,3.0,177180,1118
RZ80,RZ80_chip_top_0_2,2,3,2.0,3.0,172652,15
RZ80,RZ80_chip_top_0_2,3,3,3.0,3.0,88338,15
RZ80,RZ80_chip_top_0_2,0,4,0.0,4.0,71323,11
RZ80,RZ80_chip_top_0_2,1,4,1.0,4.0,121125,11
RZ80,RZ80_chip_top_0_2,2,4,2.0,4.0,121366,17
RZ80,RZ80_chip_top_0_2,3,4,3.0,4.0,62679,7
RZ80,RZ80_chip_top_0_2,0,5,0.0,5.0,972,0
RZ80,RZ80_chip_top_0_2,1,5,1.0,5.0,739,0
RZ80,RZ80_chip_top_0_2,2,5,2.0,5.0,801,0
RZ80,RZ80_chip_top_0_2,3,5,3.0,5.0,662,0
TZ01,TZ01_chip_top_0_4,3,0,3.0,0.0,61880,1458
TZ01,TZ01_chip_top_0_4,0,1,0.0,1.0,88113,3851
TZ01,TZ01_chip_top_0_4,1,1,1.0,1.0,167040,10487
TZ01,TZ01_chip_top_0_4,2,1,2.0,1.0,173471,12067
TZ01,TZ01_chip_top_0_4,3,1,3.0,1.0,87361,2659
TZ01,TZ01_chip_top_0_4,0,2,0.0,2.0,40350,230
TZ01,TZ01_chip_top_0_4,1,2,1.0,2.0,65047,1734
TZ01,TZ01_chip_top_0_4,2,2,2.0,2.0,64893,2466
TZ01,TZ01_chip_top_0_4,3,2,3.0,2.0,51808,491
TZ01,TZ01_chip_top_0_4,0,3,0.0,3.0,128947,4641
TZ01,TZ01_chip_top_0_4,1,3,1.0,3.0,181530,3137
TZ01,TZ01_chip_top_0_4,2,3,2.0,3.0,168042,2418
TZ01,TZ01_chip_top_0_4,3,3,3.0,3.0,75794,1224
TZ01,TZ01_chip_top_0_4,3,4,3.0,4.0,63926,40
TZ01,TZ01_chip_top_0_4,0,5,0.0,5.0,972,0
TZ01,TZ01_chip_top_0_4,1,5,1.0,5.0,739,0
TZ01,TZ01_chip_top_0_4,2,5,2.0,5.0,801,0
TZ01,TZ01_chip_top_0_4,3,5,3.0,5.0,662,0
2975,2975_chip_top_0_6,0,0,0.0,0.0,75157,0
2975,2975_chip_top_0_6,1,0,1.0,0.0,161551,13646
2975,2975_chip_top_0_6,2,0,2.0,0.0,158875,14091
2975,2975_chip_top_0_6,3,0,3.0,0.0,72822,2902
2975,2975_chip_top_0_6,0,1,0.0,1.0,153146,11613
2975,2975_chip_top_0_6,1,1,1.0,1.0,280255,27707
2975,2975_chip_top_0_6,2,1,2.0,1.0,292432,30952
2975,2975_chip_top_0_6,3,1,3.0,1.0,134859,10630
2975,2975_chip_top_0_6,0,2,0.0,2.0,167737,14389
2975,2975_chip_top_0_6,1,2,1.0,2.0,288787,28395
2975,2975_chip_top_0_6,2,2,2.0,2.0,257723,27673
2975,2975_chip_top_0_6,3,2,3.0,2.0,140506,13630
2975,2975_chip_top_0_6,0,3,0.0,3.0,152639,12153
2975,2975_chip_top_0_6,1,3,1.0,3.0,274423,29438
2975,2975_chip_top_0_6,2,3,2.0,3.0,289975,28696
2975,2975_chip_top_0_6,3,3,3.0,3.0,144418,10412
2975,2975_chip_top_0_6,0,4,0.0,4.0,95745,2668
2975,2975_chip_top_0_6,1,4,1.0,4.0,203340,21354
2975,2975_chip_top_0_6,2,4,2.0,4.0,193183,15913
2975,2975_chip_top_0_6,3,4,3.0,4.0,79662,178
2975,2975_chip_top_0_6,0,5,0.0,5.0,1143,0
2975,2975_chip_top_0_6,1,5,1.0,5.0,981,0
2975,2975_chip_top_0_6,2,5,2.0,5.0,990,0
2975,2975_chip_top_0_6,3,5,3.0,5.0,824,0
JKU2,JKU2_chip_top_0_8,0,0,0.0,0.0,67289,871
JKU2,JKU2_chip_top_0_8,1,0,1.0,0.0,109553,2489
JKU2,JKU2_chip_top_0_8,2,0,2.0,0.0,110168,2093
JKU2,JKU2_chip_top_0_8,3,0,3.0,0.0,58089,588
JKU2,JKU2_chip_top_0_8,0,1,0.0,1.0,109067,2088
JKU2,JKU2_chip_top_0_8,1,1,1.0,1.0,193931,6999
JKU2,JKU2_chip_top_0_8,2,1,2.0,1.0,195861,5784
JKU2,JKU2_chip_top_0_8,3,1,3.0,1.0,98062,1564
JKU2,JKU2_chip_top_0_8,0,2,0.0,2.0,14535,0
JKU2,JKU2_chip_top_0_8,1,2,1.0,2.0,17690,0
JKU2,JKU2_chip_top_0_8,2,2,2.0,2.0,18256,0
JKU2,JKU2_chip_top_0_8,3,2,3.0,2.0,13000,0
BTAP,BTAP_chip_top_2_0,3,0,3.0,0.0,52856,28
BTAP,BTAP_chip_top_2_0,1,1,1.0,1.0,207116,12331
BTAP,BTAP_chip_top_2_0,0,5,0.0,5.0,758,0
BTAP,BTAP_chip_top_2_0,1,5,1.0,5.0,739,0
BTAP,BTAP_chip_top_2_0,2,5,2.0,5.0,801,0
BTAP,BTAP_chip_top_2_0,3,5,3.0,5.0,662,0
RZ80,RZ80_chip_top_2_2,0,0,0.0,0.0,59446,8
RZ80,RZ80_chip_top_2_2,1,0,1.0,0.0,100976,32
RZ80,RZ80_chip_top_2_2,2,0,2.0,0.0,100995,8
RZ80,RZ80_chip_top_2_2,3,0,3.0,0.0,53039,1
RZ80,RZ80_chip_top_2_2,0,1,0.0,1.0,100117,16
RZ80,RZ80_chip_top_2_2,1,1,1.0,1.0,172648,17
RZ80,RZ80_chip_top_2_2,2,1,2.0,1.0,172675,13
RZ80,RZ80_chip_top_2_2,3,1,3.0,1.0,88445,4
RZ80,RZ80_chip_top_2_2,0,2,0.0,2.0,101251,408
RZ80,RZ80_chip_top_2_2,1,2,1.0,2.0,185124,3435
RZ80,RZ80_chip_top_2_2,2,2,2.0,2.0,173039,10
RZ80,RZ80_chip_top_2_2,3,2,3.0,2.0,88280,2
RZ80,RZ80_chip_top_2_2,0,3,0.0,3.0,100331,61
RZ80,RZ80_chip_top_2_2,1,3,1.0,3.0,177180,1118
RZ80,RZ80_chip_top_2_2,2,3,2.0,3.0,172652,15
RZ80,RZ80_chip_top_2_2,3,3,3.0,3.0,88338,15
RZ80,RZ80_chip_top_2_2,0,4,0.0,4.0,71323,11
RZ80,RZ80_chip_top_2_2,1,4,1.0,4.0,121125,11
RZ80,RZ80_chip_top_2_2,2,4,2.0,4.0,121366,17
RZ80,RZ80_chip_top_2_2,3,4,3.0,4.0,62679,7
RZ80,RZ80_chip_top_2_2,0,5,0.0,5.0,972,0
RZ80,RZ80_chip_top_2_2,1,5,1.0,5.0,739,0
RZ80,RZ80_chip_top_2_2,2,5,2.0,5.0,801,0
RZ80,RZ80_chip_top_2_2,3,5,3.0,5.0,662,0
TZ01,TZ01_chip_top_2_4,3,0,3.0,0.0,61880,1458
TZ01,TZ01_chip_top_2_4,0,1,0.0,1.0,88113,3851
TZ01,TZ01_chip_top_2_4,1,1,1.0,1.0,167040,10487
TZ01,TZ01_chip_top_2_4,2,1,2.0,1.0,173471,12067
TZ01,TZ01_chip_top_2_4,3,1,3.0,1.0,87361,2659
TZ01,TZ01_chip_top_2_4,0,2,0.0,2.0,40350,230
TZ01,TZ01_chip_top_2_4,1,2,1.0,2.0,65047,1734
TZ01,TZ01_chip_top_2_4,2,2,2.0,2.0,64893,2466
TZ01,TZ01_chip_top_2_4,3,2,3.0,2.0,51808,491
TZ01,TZ01_chip_top_2_4,0,3,0.0,3.0,128947,4641
TZ01,TZ01_chip_top_2_4,1,3,1.0,3.0,181530,3137
TZ01,TZ01_chip_top_2_4,2,3,2.0,3.0,168042,2418
TZ01,TZ01_chip_top_2_4,3,3,3.0,3.0,75794,1224
TZ01,TZ01_chip_top_2_4,3,4,3.0,4.0,63926,40
TZ01,TZ01_chip_top_2_4,0,5,0.0,5.0,972,0
TZ01,TZ01_chip_top_2_4,1,5,1.0,5.0,739,0
TZ01,TZ01_chip_top_2_4,2,5,2.0,5.0,801,0
TZ01,TZ01_chip_top_2_4,3,5,3.0,5.0,662,0
2975,2975_chip_top_2_6,0,0,0.0,0.0,75157,0
2975,2975_chip_top_2_6,1,0,1.0,0.0,161551,13646
2975,2975_chip_top_2_6,2,0,2.0,0.0,158875,14091
2975,2975_chip_top_2_6,3,0,3.0,0.0,72822,2902
2975,2975_chip_top_2_6,0,1,0.0,1.0,153146,11613
2975,2975_chip_top_2_6,1,1,1.0,1.0,280255,27707
2975,2975_chip_top_2_6,2,1,2.0,1.0,292432,30952
2975,2975_chip_top_2_6,3,1,3.0,1.0,134859,10630
2975,2975_chip_top_2_6,0,2,0.0,2.0,167737,14389
2975,2975_chip_top_2_6,1,2,1.0,2.0,288787,28395
2975,2975_chip_top_2_6,2,2,2.0,2.0,257723,27673
2975,2975_chip_top_2_6,3,2,3.0,2.0,140506,13630
2975,2975_chip_top_2_6,0,3,0.0,3.0,152639,12153
2975,2975_chip_top_2_6,1,3,1.0,3.0,274423,29438
2975,2975_chip_top_2_6,2,3,2.0,3.0,289975,28696
2975,2975_chip_top_2_6,3,3,3.0,3.0,144418,10412
2975,2975_chip_top_2_6,0,4,0.0,4.0,95745,2668
2975,2975_chip_top_2_6,1,4,1.0,4.0,203340,21354
2975,2975_chip_top_2_6,2,4,2.0,4.0,193183,15913
2975,2975_chip_top_2_6,3,4,3.0,4.0,79662,178
2975,2975_chip_top_2_6,0,5,0.0,5.0,1143,0
2975,2975_chip_top_2_6,1,5,1.0,5.0,981,0
2975,2975_chip_top_2_6,2,5,2.0,5.0,990,0
2975,2975_chip_top_2_6,3,5,3.0,5.0,824,0
OCD2,OCD2_gf180mcu_ocd_sram_top_2_8,2,1,2.0,1.0,14822,0
OCD2,OCD2_gf180mcu_ocd_sram_top_2_8,3,1,3.0,1.0,13401,12
OCD2,OCD2_gf180mcu_ocd_sram_top_2_8,0,2,0.0,2.0,5871,8
OCD2,OCD2_gf180mcu_ocd_sram_top_2_8,1,2,1.0,2.0,6631,12
OCD2,OCD2_gf180mcu_ocd_sram_top_2_8,2,2,2.0,2.0,6410,12
OCD2,OCD2_gf180mcu_ocd_sram_top_2_8,3,2,3.0,2.0,5156,8
MOSB,MOSB_chip_top_4_0,0,0,0.0,0.0,9628,0
MOSB,MOSB_chip_top_4_0,1,0,1.0,0.0,19196,734
MOSB,MOSB_chip_top_4_0,2,0,2.0,0.0,16840,578
MOSB,MOSB_chip_top_4_0,3,0,3.0,0.0,9117,0
MOSB,MOSB_chip_top_4_0,0,1,0.0,1.0,12583,0
MOSB,MOSB_chip_top_4_0,1,1,1.0,1.0,43300,2628
MOSB,MOSB_chip_top_4_0,2,1,2.0,1.0,36405,2304
MOSB,MOSB_chip_top_4_0,3,1,3.0,1.0,11522,0
MOSB,MOSB_chip_top_4_0,0,2,0.0,2.0,12399,0
MOSB,MOSB_chip_top_4_0,1,2,1.0,2.0,43583,2595
MOSB,MOSB_chip_top_4_0,2,2,2.0,2.0,36323,2279
MOSB,MOSB_chip_top_4_0,3,2,3.0,2.0,11332,0
MOSB,MOSB_chip_top_4_0,0,3,0.0,3.0,12390,0
MOSB,MOSB_chip_top_4_0,1,3,1.0,3.0,44554,2592
MOSB,MOSB_chip_top_4_0,2,3,2.0,3.0,35265,2265
MOSB,MOSB_chip_top_4_0,3,3,3.0,3.0,11321,0
MOSB,MOSB_chip_top_4_0,0,4,0.0,4.0,10755,0
MOSB,MOSB_chip_top_4_0,1,4,1.0,4.0,24222,1018
MOSB,MOSB_chip_top_4_0,2,4,2.0,4.0,21047,896
MOSB,MOSB_chip_top_4_0,3,4,3.0,4.0,9676,0
MOSB,MOSB_chip_top_4_0,0,5,0.0,5.0,948,0
MOSB,MOSB_chip_top_4_0,1,5,1.0,5.0,681,0
MOSB,MOSB_chip_top_4_0,2,5,2.0,5.0,761,0
MOSB,MOSB_chip_top_4_0,3,5,3.0,5.0,638,0
MOSB,MOSB_chip_top_4_2,0,0,0.0,0.0,9628,0
MOSB,MOSB_chip_top_4_2,1,0,1.0,0.0,19196,734
MOSB,MOSB_chip_top_4_2,2,0,2.0,0.0,16840,578
MOSB,MOSB_chip_top_4_2,3,0,3.0,0.0,9117,0
MOSB,MOSB_chip_top_4_2,0,1,0.0,1.0,12583,0
MOSB,MOSB_chip_top_4_2,1,1,1.0,1.0,43300,2628
MOSB,MOSB_chip_top_4_2,2,1,2.0,1.0,36405,2304
MOSB,MOSB_chip_top_4_2,3,1,3.0,1.0,11522,0
MOSB,MOSB_chip_top_4_2,0,2,0.0,2.0,12399,0
MOSB,MOSB_chip_top_4_2,1,2,1.0,2.0,43583,2595
MOSB,MOSB_chip_top_4_2,2,2,2.0,2.0,36323,2279
MOSB,MOSB_chip_top_4_2,3,2,3.0,2.0,11332,0
MOSB,MOSB_chip_top_4_2,0,3,0.0,3.0,12390,0
MOSB,MOSB_chip_top_4_2,1,3,1.0,3.0,44554,2592
MOSB,MOSB_chip_top_4_2,2,3,2.0,3.0,35265,2265
MOSB,MOSB_chip_top_4_2,3,3,3.0,3.0,11321,0
MOSB,MOSB_chip_top_4_2,0,4,0.0,4.0,10755,0
MOSB,MOSB_chip_top_4_2,1,4,1.0,4.0,24222,1018
MOSB,MOSB_chip_top_4_2,2,4,2.0,4.0,21047,896
MOSB,MOSB_chip_top_4_2,3,4,3.0,4.0,9676,0
MOSB,MOSB_chip_top_4_2,0,5,0.0,5.0,948,0
MOSB,MOSB_chip_top_4_2,1,5,1.0,5.0,681,0
MOSB,MOSB_chip_top_4_2,2,5,2.0,5.0,761,0
MOSB,MOSB_chip_top_4_2,3,5,3.0,5.0,638,0
OCD2,OCD2_gf180mcu_ocd_sram_top_4_8,2,1,2.0,1.0,14822,0
OCD2,OCD2_gf180mcu_ocd_sram_top_4_8,3,1,3.0,1.0,13401,12
OCD2,OCD2_gf180mcu_ocd_sram_top_4_8,0,2,0.0,2.0,5871,8
OCD2,OCD2_gf180mcu_ocd_sram_top_4_8,1,2,1.0,2.0,6631,12
OCD2,OCD2_gf180mcu_ocd_sram_top_4_8,2,2,2.0,2.0,6410,12
OCD2,OCD2_gf180mcu_ocd_sram_top_4_8,3,2,3.0,2.0,5156,8
AS03,AS03_chip_top_6_0,0,0,0.0,0.0,76658,1022
AS03,AS03_chip_top_6_0,1,0,1.0,0.0,135760,2703
AS03,AS03_chip_top_6_0,2,0,2.0,0.0,108711,682
AS03,AS03_chip_top_6_0,3,0,3.0,0.0,53971,0
AS03,AS03_chip_top_6_0,0,1,0.0,1.0,125357,2120
AS03,AS03_chip_top_6_0,1,1,1.0,1.0,243724,9053
AS03,AS03_chip_top_6_0,2,1,2.0,1.0,227189,7867
AS03,AS03_chip_top_6_0,3,1,3.0,1.0,113819,5541
AS03,AS03_chip_top_6_0,0,2,0.0,2.0,118015,5025
AS03,AS03_chip_top_6_0,1,2,1.0,2.0,231611,12186
AS03,AS03_chip_top_6_0,2,2,2.0,2.0,233996,12997
AS03,AS03_chip_top_6_0,3,2,3.0,2.0,118500,8479
AS03,AS03_chip_top_6_0,0,3,0.0,3.0,37056,0
AS03,AS03_chip_top_6_0,1,3,1.0,3.0,120741,2776
AS03,AS03_chip_top_6_0,2,3,2.0,3.0,81384,1375
AS03,AS03_chip_top_6_0,3,3,3.0,3.0,24765,0
AS03,AS03_chip_top_6_0,0,4,0.0,4.0,70357,1384
AS03,AS03_chip_top_6_0,1,4,1.0,4.0,160877,8530
AS03,AS03_chip_top_6_0,2,4,2.0,4.0,103950,4892
AS03,AS03_chip_top_6_0,3,4,3.0,4.0,60851,0
AS03,AS03_chip_top_6_0,0,5,0.0,5.0,972,0
AS03,AS03_chip_top_6_0,1,5,1.0,5.0,739,0
AS03,AS03_chip_top_6_0,2,5,2.0,5.0,801,0
AS03,AS03_chip_top_6_0,3,5,3.0,5.0,654,0
TTPG,TTPG_tt_gf_wrapper_6_2,0,0,0.0,0.0,78636,5270
TTPG,TTPG_tt_gf_wrapper_6_2,1,0,1.0,0.0,122588,7591
TTPG,TTPG_tt_gf_wrapper_6_2,2,0,2.0,0.0,133707,6587
TTPG,TTPG_tt_gf_wrapper_6_2,3,0,3.0,0.0,69702,3773
TTPG,TTPG_tt_gf_wrapper_6_2,0,1,0.0,1.0,152120,9562
TTPG,TTPG_tt_gf_wrapper_6_2,1,1,1.0,1.0,232216,13579
TTPG,TTPG_tt_gf_wrapper_6_2,2,1,2.0,1.0,276193,18115
TTPG,TTPG_tt_gf_wrapper_6_2,3,1,3.0,1.0,117310,6241
TTPG,TTPG_tt_gf_wrapper_6_2,0,2,0.0,2.0,144034,9251
TTPG,TTPG_tt_gf_wrapper_6_2,1,2,1.0,2.0,236064,12874
TTPG,TTPG_tt_gf_wrapper_6_2,2,2,2.0,2.0,273160,18536
TTPG,TTPG_tt_gf_wrapper_6_2,3,2,3.0,2.0,130206,7231
TTPG,TTPG_tt_gf_wrapper_6_2,0,3,0.0,3.0,167079,11086
TTPG,TTPG_tt_gf_wrapper_6_2,1,3,1.0,3.0,262945,18123
TTPG,TTPG_tt_gf_wrapper_6_2,2,3,2.0,3.0,296734,24376
TTPG,TTPG_tt_gf_wrapper_6_2,3,3,3.0,3.0,125988,7341
TTPG,TTPG_tt_gf_wrapper_6_2,0,4,0.0,4.0,96805,5218
TTPG,TTPG_tt_gf_wrapper_6_2,1,4,1.0,4.0,159805,10192
TTPG,TTPG_tt_gf_wrapper_6_2,2,4,2.0,4.0,151376,7144
TTPG,TTPG_tt_gf_wrapper_6_2,3,4,3.0,4.0,67818,1690
TTPG,TTPG_tt_gf_wrapper_6_2,0,5,0.0,5.0,705,0
TTPG,TTPG_tt_gf_wrapper_6_2,1,5,1.0,5.0,739,0
TTPG,TTPG_tt_gf_wrapper_6_2,2,5,2.0,5.0,801,0
TTPG,TTPG_tt_gf_wrapper_6_2,3,5,3.0,5.0,597,0
TTP2,TTP2_tt_gf_wrapper_6_4,0,0,0.0,0.0,77794,5270
TTP2,TTP2_tt_gf_wrapper_6_4,1,0,1.0,0.0,121958,7591
TTP2,TTP2_tt_gf_wrapper_6_4,2,0,2.0,0.0,132845,6587
TTP2,TTP2_tt_gf_wrapper_6_4,3,0,3.0,0.0,68865,3773
TTP2,TTP2_tt_gf_wrapper_6_4,0,1,0.0,1.0,151314,9562
TTP2,TTP2_tt_gf_wrapper_6_4,1,1,1.0,1.0,231427,13579
TTP2,TTP2_tt_gf_wrapper_6_4,2,1,2.0,1.0,276097,18115
TTP2,TTP2_tt_gf_wrapper_6_4,3,1,3.0,1.0,115811,6241
TTP2,TTP2_tt_gf_wrapper_6_4,0,2,0.0,2.0,143238,9251
TTP2,TTP2_tt_gf_wrapper_6_4,1,2,1.0,2.0,234899,12875
TTP2,TTP2_tt_gf_wrapper_6_4,2,2,2.0,2.0,272833,18536
TTP2,TTP2_tt_gf_wrapper_6_4,3,2,3.0,2.0,128893,7231
TTP2,TTP2_tt_gf_wrapper_6_4,0,3,0.0,3.0,166116,11086
TTP2,TTP2_tt_gf_wrapper_6_4,1,3,1.0,3.0,262453,18123
TTP2,TTP2_tt_gf_wrapper_6_4,2,3,2.0,3.0,296734,24376
TTP2,TTP2_tt_gf_wrapper_6_4,3,3,3.0,3.0,124691,7341
TTP2,TTP2_tt_gf_wrapper_6_4,0,4,0.0,4.0,95815,5218
TTP2,TTP2_tt_gf_wrapper_6_4,1,4,1.0,4.0,159165,10192
TTP2,TTP2_tt_gf_wrapper_6_4,2,4,2.0,4.0,150099,7144
TTP2,TTP2_tt_gf_wrapper_6_4,3,4,3.0,4.0,66572,1690
TTP2,TTP2_tt_gf_wrapper_6_4,0,5,0.0,5.0,705,0
TTP2,TTP2_tt_gf_wrapper_6_4,1,5,1.0,5.0,739,0
TTP2,TTP2_tt_gf_wrapper_6_4,2,5,2.0,5.0,801,0
TTP2,TTP2_tt_gf_wrapper_6_4,3,5,3.0,5.0,597,0
GD03,GD03_chip_top_6_6,0,5,0.0,5.0,722,0
GD03,GD03_chip_top_6_6,1,5,1.0,5.0,739,0
GD03,GD03_chip_top_6_6,2,5,2.0,5.0,801,0
GD03,GD03_chip_top_6_6,3,5,3.0,5.0,662,0
GD04,GD04_chip_top_6_8,0,2,0.0,2.0,11618,31
GD04,GD04_chip_top_6_8,1,2,1.0,2.0,23991,1151
GD04,GD04_chip_top_6_8,2,2,2.0,2.0,19142,34
GD04,GD04_chip_top_6_8,3,2,3.0,2.0,10308,23
KIAN,KIAN_chip_top_8_0,1,1,1.0,1.0,210353,12790
KIAN,KIAN_chip_top_8_0,2,1,2.0,1.0,201338,11390
KIAN,KIAN_chip_top_8_0,1,2,1.0,2.0,221332,12470
KIAN,KIAN_chip_top_8_0,2,2,2.0,2.0,214635,11346
KIAN,KIAN_chip_top_8_0,1,3,1.0,3.0,213286,11373
KIAN,KIAN_chip_top_8_0,2,3,2.0,3.0,215925,11311
KIAN,KIAN_chip_top_8_0,0,5,0.0,5.0,738,0
KIAN,KIAN_chip_top_8_0,1,5,1.0,5.0,739,0
KIAN,KIAN_chip_top_8_0,2,5,2.0,5.0,801,0
KIAN,KIAN_chip_top_8_0,3,5,3.0,5.0,662,0
BRWN,BRWN_ENGN2912E_TOP_8_2,0,0,0.0,0.0,11757,0
BRWN,BRWN_ENGN2912E_TOP_8_2,1,0,1.0,0.0,14032,0
BRWN,BRWN_ENGN2912E_TOP_8_2,2,0,2.0,0.0,14147,0
BRWN,BRWN_ENGN2912E_TOP_8_2,3,0,3.0,0.0,11302,0
BRWN,BRWN_ENGN2912E_TOP_8_2,0,1,0.0,1.0,13252,0
BRWN,BRWN_ENGN2912E_TOP_8_2,1,1,1.0,1.0,15964,0
BRWN,BRWN_ENGN2912E_TOP_8_2,2,1,2.0,1.0,16041,0
BRWN,BRWN_ENGN2912E_TOP_8_2,3,1,3.0,1.0,13038,0
BRWN,BRWN_ENGN2912E_TOP_8_2,0,2,0.0,2.0,13354,0
BRWN,BRWN_ENGN2912E_TOP_8_2,1,2,1.0,2.0,16045,0
BRWN,BRWN_ENGN2912E_TOP_8_2,2,2,2.0,2.0,22608,0
BRWN,BRWN_ENGN2912E_TOP_8_2,3,2,3.0,2.0,25281,12
BRWN,BRWN_ENGN2912E_TOP_8_2,0,3,0.0,3.0,53020,702
BRWN,BRWN_ENGN2912E_TOP_8_2,1,3,1.0,3.0,105834,251
BRWN,BRWN_ENGN2912E_TOP_8_2,2,3,2.0,3.0,113374,91
BRWN,BRWN_ENGN2912E_TOP_8_2,3,3,3.0,3.0,41865,227
BRWN,BRWN_ENGN2912E_TOP_8_2,0,4,0.0,4.0,61642,1329
BRWN,BRWN_ENGN2912E_TOP_8_2,1,4,1.0,4.0,109828,308
BRWN,BRWN_ENGN2912E_TOP_8_2,2,4,2.0,4.0,106733,422
BRWN,BRWN_ENGN2912E_TOP_8_2,3,4,3.0,4.0,43372,1037
BRWN,BRWN_ENGN2912E_TOP_8_2,0,5,0.0,5.0,956,0
BRWN,BRWN_ENGN2912E_TOP_8_2,1,5,1.0,5.0,739,0
BRWN,BRWN_ENGN2912E_TOP_8_2,2,5,2.0,5.0,801,0
BRWN,BRWN_ENGN2912E_TOP_8_2,3,5,3.0,5.0,662,0
MOLE,MOLE_chip_top_8_4,0,0,0.0,0.0,76960,1838
MOLE,MOLE_chip_top_8_4,1,0,1.0,0.0,140182,5420
MOLE,MOLE_chip_top_8_4,2,0,2.0,0.0,136723,4961
MOLE,MOLE_chip_top_8_4,0,1,0.0,1.0,158613,8946
MOLE,MOLE_chip_top_8_4,1,1,1.0,1.0,301806,26515
MOLE,MOLE_chip_top_8_4,2,1,2.0,1.0,290313,23637
MOLE,MOLE_chip_top_8_4,0,2,0.0,2.0,155296,7778
MOLE,MOLE_chip_top_8_4,1,2,1.0,2.0,304852,26157
MOLE,MOLE_chip_top_8_4,2,2,2.0,2.0,293054,23263
MOLE,MOLE_chip_top_8_4,0,3,0.0,3.0,153318,7626
MOLE,MOLE_chip_top_8_4,1,3,1.0,3.0,301541,26459
MOLE,MOLE_chip_top_8_4,2,3,2.0,3.0,290108,23555
MOLE,MOLE_chip_top_8_4,0,4,0.0,4.0,93967,2353
MOLE,MOLE_chip_top_8_4,1,4,1.0,4.0,175243,7927
MOLE,MOLE_chip_top_8_4,2,4,2.0,4.0,171111,7238
MOLE,MOLE_chip_top_8_4,0,5,0.0,5.0,738,0
MOLE,MOLE_chip_top_8_4,1,5,1.0,5.0,739,0
MOLE,MOLE_chip_top_8_4,2,5,2.0,5.0,801,0
MOLE,MOLE_chip_top_8_4,3,5,3.0,5.0,662,0
OCD1,OCD1_caravel_openframe_top_8_6,0,0,0.0,0.0,30025,159
OCD1,OCD1_caravel_openframe_top_8_6,1,0,1.0,0.0,69536,1791
OCD1,OCD1_caravel_openframe_top_8_6,3,0,3.0,0.0,29191,146
OCD1,OCD1_caravel_openframe_top_8_6,0,1,0.0,1.0,47606,287
OCD1,OCD1_caravel_openframe_top_8_6,1,1,1.0,1.0,114379,3819
OCD1,OCD1_caravel_openframe_top_8_6,3,1,3.0,1.0,57363,1398
OCD1,OCD1_caravel_openframe_top_8_6,0,2,0.0,2.0,50278,515
OCD1,OCD1_caravel_openframe_top_8_6,1,2,1.0,2.0,137081,5834
OCD1,OCD1_caravel_openframe_top_8_6,3,2,3.0,2.0,43308,286
OCD1,OCD1_caravel_openframe_top_8_6,0,3,0.0,3.0,53964,775
OCD1,OCD1_caravel_openframe_top_8_6,1,3,1.0,3.0,88491,1866
OCD1,OCD1_caravel_openframe_top_8_6,3,3,3.0,3.0,50936,842
OCD1,OCD1_caravel_openframe_top_8_6,0,4,0.0,4.0,35615,113
OCD1,OCD1_caravel_openframe_top_8_6,1,4,1.0,4.0,57562,511
OCD1,OCD1_caravel_openframe_top_8_6,3,4,3.0,4.0,33389,180
OCD1,OCD1_caravel_openframe_top_8_6,0,5,0.0,5.0,1048,0
OCD1,OCD1_caravel_openframe_top_8_6,1,5,1.0,5.0,877,0
OCD1,OCD1_caravel_openframe_top_8_6,2,5,2.0,5.0,953,0
OCD1,OCD1_caravel_openframe_top_8_6,3,5,3.0,5.0,735,0
TQVC,TQVC_chip_top_8_8,0,0,0.0,0.0,77368,1336
TQVC,TQVC_chip_top_8_8,1,0,1.0,0.0,137115,3799
TQVC,TQVC_chip_top_8_8,2,0,2.0,0.0,132779,2192
TQVC,TQVC_chip_top_8_8,3,0,3.0,0.0,66529,172
TQVC,TQVC_chip_top_8_8,1,1,1.0,1.0,251587,10452
TQVC,TQVC_chip_top_8_8,2,1,2.0,1.0,248481,11494
TQVC,TQVC_chip_top_8_8,3,1,3.0,1.0,118983,2648
TQVC,TQVC_chip_top_8_8,0,2,0.0,2.0,14923,0
TQVC,TQVC_chip_top_8_8,1,2,1.0,2.0,23266,0
TQVC,TQVC_chip_top_8_8,2,2,2.0,2.0,23184,3
TQVC,TQVC_chip_top_8_8,3,2,3.0,2.0,12956,3
JKU1,JKU1_chip_top_10_0,0,0,0.0,0.0,72461,1623
JKU1,JKU1_chip_top_10_0,1,0,1.0,0.0,143576,7129
JKU1,JKU1_chip_top_10_0,2,0,2.0,0.0,136438,5989
JKU1,JKU1_chip_top_10_0,3,0,3.0,0.0,63824,665
JKU1,JKU1_chip_top_10_0,0,1,0.0,1.0,119556,3171
JKU1,JKU1_chip_top_10_0,1,1,1.0,1.0,205991,4246
JKU1,JKU1_chip_top_10_0,2,1,2.0,1.0,244340,9906
JKU1,JKU1_chip_top_10_0,3,1,3.0,1.0,115280,4227
JKU1,JKU1_chip_top_10_0,0,2,0.0,2.0,132246,4036
JKU1,JKU1_chip_top_10_0,1,2,1.0,2.0,233900,7710
JKU1,JKU1_chip_top_10_0,2,2,2.0,2.0,253798,11804
JKU1,JKU1_chip_top_10_0,3,2,3.0,2.0,113603,2181
JKU1,JKU1_chip_top_10_0,0,3,0.0,3.0,134758,6766
JKU1,JKU1_chip_top_10_0,1,3,1.0,3.0,252677,21485
JKU1,JKU1_chip_top_10_0,2,3,2.0,3.0,258197,21786
JKU1,JKU1_chip_top_10_0,3,3,3.0,3.0,114370,4416
JKU1,JKU1_chip_top_10_0,0,4,0.0,4.0,96263,7390
JKU1,JKU1_chip_top_10_0,1,4,1.0,4.0,189442,21895
JKU1,JKU1_chip_top_10_0,2,4,2.0,4.0,192097,22557
JKU1,JKU1_chip_top_10_0,3,4,3.0,4.0,84037,5487
JKU1,JKU1_chip_top_10_0,0,5,0.0,5.0,738,0
JKU1,JKU1_chip_top_10_0,1,5,1.0,5.0,739,0
JKU1,JKU1_chip_top_10_0,2,5,2.0,5.0,801,0
JKU1,JKU1_chip_top_10_0,3,5,3.0,5.0,662,0
WSLG,WSLG_chip_top_10_2,0,0,0.0,0.0,76165,879
WSLG,WSLG_chip_top_10_2,1,0,1.0,0.0,136257,2398
WSLG,WSLG_chip_top_10_2,2,0,2.0,0.0,164946,6874
WSLG,WSLG_chip_top_10_2,3,0,3.0,0.0,66522,15
WSLG,WSLG_chip_top_10_2,0,1,0.0,1.0,77840,176
WSLG,WSLG_chip_top_10_2,1,1,1.0,1.0,65785,556
WSLG,WSLG_chip_top_10_2,2,1,2.0,1.0,81969,3117
WSLG,WSLG_chip_top_10_2,3,1,3.0,1.0,71902,54
WSLG,WSLG_chip_top_10_2,0,2,0.0,2.0,58559,31
WSLG,WSLG_chip_top_10_2,1,2,1.0,2.0,0,0
WSLG,WSLG_chip_top_10_2,2,2,2.0,2.0,0,0
WSLG,WSLG_chip_top_10_2,3,2,3.0,2.0,54805,50
WSLG,WSLG_chip_top_10_2,0,3,0.0,3.0,67743,18
WSLG,WSLG_chip_top_10_2,1,3,1.0,3.0,30511,30
WSLG,WSLG_chip_top_10_2,2,3,2.0,3.0,30186,14
WSLG,WSLG_chip_top_10_2,3,3,3.0,3.0,62281,10
WSLG,WSLG_chip_top_10_2,0,4,0.0,4.0,89215,6
WSLG,WSLG_chip_top_10_2,1,4,1.0,4.0,154326,44
WSLG,WSLG_chip_top_10_2,2,4,2.0,4.0,154221,13
WSLG,WSLG_chip_top_10_2,3,4,3.0,4.0,78815,5
WSLG,WSLG_chip_top_10_2,0,5,0.0,5.0,956,0
WSLG,WSLG_chip_top_10_2,1,5,1.0,5.0,739,0
WSLG,WSLG_chip_top_10_2,2,5,2.0,5.0,801,0
WSLG,WSLG_chip_top_10_2,3,5,3.0,5.0,662,0
CHES,CHES_chip_top_10_4,0,0,0.0,0.0,67596,3475
CHES,CHES_chip_top_10_4,1,0,1.0,0.0,116037,6830
CHES,CHES_chip_top_10_4,2,0,2.0,0.0,120044,6766
CHES,CHES_chip_top_10_4,3,0,3.0,0.0,68516,3759
CHES,CHES_chip_top_10_4,0,1,0.0,1.0,112901,5645
CHES,CHES_chip_top_10_4,1,1,1.0,1.0,203321,10481
CHES,CHES_chip_top_10_4,2,1,2.0,1.0,205774,10897
CHES,CHES_chip_top_10_4,3,1,3.0,1.0,102286,5286
CHES,CHES_chip_top_10_4,0,2,0.0,2.0,114256,6447
CHES,CHES_chip_top_10_4,1,2,1.0,2.0,234019,12484
CHES,CHES_chip_top_10_4,2,2,2.0,2.0,224311,11886
CHES,CHES_chip_top_10_4,3,2,3.0,2.0,99510,4851
CHES,CHES_chip_top_10_4,0,3,0.0,3.0,112548,5909
CHES,CHES_chip_top_10_4,1,3,1.0,3.0,203898,10243
CHES,CHES_chip_top_10_4,2,3,2.0,3.0,202331,10607
CHES,CHES_chip_top_10_4,3,3,3.0,3.0,99316,5347
CHES,CHES_chip_top_10_4,0,4,0.0,4.0,79065,4390
CHES,CHES_chip_top_10_4,1,4,1.0,4.0,142118,8125
CHES,CHES_chip_top_10_4,2,4,2.0,4.0,141540,7916
CHES,CHES_chip_top_10_4,3,4,3.0,4.0,69985,3732
CHES,CHES_chip_top_10_4,0,5,0.0,5.0,956,0
CHES,CHES_chip_top_10_4,1,5,1.0,5.0,739,0
CHES,CHES_chip_top_10_4,2,5,2.0,5.0,801,0
CHES,CHES_chip_top_10_4,3,5,3.0,5.0,662,0
MOS2,MOS2_chip_top_10_6,0,0,0.0,0.0,10317,0
MOS2,MOS2_chip_top_10_6,1,0,1.0,0.0,9985,0
MOS2,MOS2_chip_top_10_6,2,0,2.0,0.0,9178,0
MOS2,MOS2_chip_top_10_6,3,0,3.0,0.0,9666,0
MOS2,MOS2_chip_top_10_6,0,1,0.0,1.0,9563,0
MOS2,MOS2_chip_top_10_6,1,1,1.0,1.0,15605,0
MOS2,MOS2_chip_top_10_6,2,1,2.0,1.0,14257,0
MOS2,MOS2_chip_top_10_6,3,1,3.0,1.0,9184,0
MOS2,MOS2_chip_top_10_6,0,2,0.0,2.0,8741,0
MOS2,MOS2_chip_top_10_6,1,2,1.0,2.0,15155,0
MOS2,MOS2_chip_top_10_6,2,2,2.0,2.0,13392,0
MOS2,MOS2_chip_top_10_6,3,2,3.0,2.0,8865,0
MOS2,MOS2_chip_top_10_6,0,3,0.0,3.0,12414,0
MOS2,MOS2_chip_top_10_6,1,3,1.0,3.0,13568,0
MOS2,MOS2_chip_top_10_6,2,3,2.0,3.0,13207,0
MOS2,MOS2_chip_top_10_6,3,3,3.0,3.0,11498,0
MOS2,MOS2_chip_top_10_6,0,4,0.0,4.0,12741,0
MOS2,MOS2_chip_top_10_6,1,4,1.0,4.0,15383,0
MOS2,MOS2_chip_top_10_6,2,4,2.0,4.0,15474,0
MOS2,MOS2_chip_top_10_6,3,4,3.0,4.0,11843,0
MOS2,MOS2_chip_top_10_6,0,5,0.0,5.0,956,0
MOS2,MOS2_chip_top_10_6,1,5,1.0,5.0,739,0
MOS2,MOS2_chip_top_10_6,2,5,2.0,5.0,801,0
MOS2,MOS2_chip_top_10_6,3,5,3.0,5.0,662,0
GD04,GD04_chip_top_10_8,0,2,0.0,2.0,11618,31
GD04,GD04_chip_top_10_8,1,2,1.0,2.0,23991,1151
GD04,GD04_chip_top_10_8,2,2,2.0,2.0,19142,34
GD04,GD04_chip_top_10_8,3,2,3.0,2.0,10308,23
CAFE,CAFE_chip_top_12_0,0,0,0.0,0.0,84243,2931
CAFE,CAFE_chip_top_12_0,1,0,1.0,0.0,154073,7596
CAFE,CAFE_chip_top_12_0,2,0,2.0,0.0,156330,8024
CAFE,CAFE_chip_top_12_0,3,0,3.0,0.0,76448,3910
CAFE,CAFE_chip_top_12_0,0,1,0.0,1.0,145933,5338
CAFE,CAFE_chip_top_12_0,1,1,1.0,1.0,293375,20811
CAFE,CAFE_chip_top_12_0,2,1,2.0,1.0,296058,15233
CAFE,CAFE_chip_top_12_0,3,1,3.0,1.0,112973,100
CAFE,CAFE_chip_top_12_0,0,5,0.0,5.0,738,0
CAFE,CAFE_chip_top_12_0,1,5,1.0,5.0,739,0
CAFE,CAFE_chip_top_12_0,2,5,2.0,5.0,801,0
CAFE,CAFE_chip_top_12_0,3,5,3.0,5.0,654,0
ISHI,ISHI_ISHI-KAI_WS_RUN1_12_4,0,0,0.0,0.0,10561,0
ISHI,ISHI_ISHI-KAI_WS_RUN1_12_4,1,0,1.0,0.0,9871,0
ISHI,ISHI_ISHI-KAI_WS_RUN1_12_4,2,0,2.0,0.0,10775,0
ISHI,ISHI_ISHI-KAI_WS_RUN1_12_4,3,0,3.0,0.0,8594,0
ISHI,ISHI_ISHI-KAI_WS_RUN1_12_4,0,1,0.0,1.0,13675,0
ISHI,ISHI_ISHI-KAI_WS_RUN1_12_4,1,1,1.0,1.0,10220,0
ISHI,ISHI_ISHI-KAI_WS_RUN1_12_4,2,1,2.0,1.0,13609,0
ISHI,ISHI_ISHI-KAI_WS_RUN1_12_4,3,1,3.0,1.0,9960,0
ISHI,ISHI_ISHI-KAI_WS_RUN1_12_4,0,2,0.0,2.0,11623,0
ISHI,ISHI_ISHI-KAI_WS_RUN1_12_4,1,2,1.0,2.0,9221,0
ISHI,ISHI_ISHI-KAI_WS_RUN1_12_4,2,2,2.0,2.0,14674,0
ISHI,ISHI_ISHI-KAI_WS_RUN1_12_4,3,2,3.0,2.0,9790,0
ISHI,ISHI_ISHI-KAI_WS_RUN1_12_4,0,3,0.0,3.0,8579,0
ISHI,ISHI_ISHI-KAI_WS_RUN1_12_4,1,3,1.0,3.0,13784,0
ISHI,ISHI_ISHI-KAI_WS_RUN1_12_4,2,3,2.0,3.0,11976,0
ISHI,ISHI_ISHI-KAI_WS_RUN1_12_4,3,3,3.0,3.0,9781,0
ISHI,ISHI_ISHI-KAI_WS_RUN1_12_4,0,4,0.0,4.0,11468,0
ISHI,ISHI_ISHI-KAI_WS_RUN1_12_4,1,4,1.0,4.0,14957,0
ISHI,ISHI_ISHI-KAI_WS_RUN1_12_4,2,4,2.0,4.0,14301,0
ISHI,ISHI_ISHI-KAI_WS_RUN1_12_4,3,4,3.0,4.0,8878,0
ISHI,ISHI_ISHI-KAI_WS_RUN1_12_4,0,5,0.0,5.0,972,0
ISHI,ISHI_ISHI-KAI_WS_RUN1_12_4,1,5,1.0,5.0,729,0
ISHI,ISHI_ISHI-KAI_WS_RUN1_12_4,2,5,2.0,5.0,805,0
ISHI,ISHI_ISHI-KAI_WS_RUN1_12_4,3,5,3.0,5.0,674,0
RBOY,RBOY_chip_top_12_6,0,5,0.0,5.0,972,0
RBOY,RBOY_chip_top_12_6,1,5,1.0,5.0,739,0
RBOY,RBOY_chip_top_12_6,2,5,2.0,5.0,801,0
RBOY,RBOY_chip_top_12_6,3,5,3.0,5.0,662,0
TQVC,TQVC_chip_top_12_8,0,0,0.0,0.0,77368,1336
TQVC,TQVC_chip_top_12_8,1,0,1.0,0.0,137115,3799
TQVC,TQVC_chip_top_12_8,2,0,2.0,0.0,132779,2192
TQVC,TQVC_chip_top_12_8,3,0,3.0,0.0,66529,172
TQVC,TQVC_chip_top_12_8,1,1,1.0,1.0,251587,10452
TQVC,TQVC_chip_top_12_8,2,1,2.0,1.0,248481,11494
TQVC,TQVC_chip_top_12_8,3,1,3.0,1.0,118983,2648
TQVC,TQVC_chip_top_12_8,0,2,0.0,2.0,14923,0
TQVC,TQVC_chip_top_12_8,1,2,1.0,2.0,23266,0
TQVC,TQVC_chip_top_12_8,2,2,2.0,2.0,23184,3
TQVC,TQVC_chip_top_12_8,3,2,3.0,2.0,12956,3
HZ80,HZ80_chip_top_14_0,0,0,0.0,0.0,59202,3
HZ80,HZ80_chip_top_14_0,1,0,1.0,0.0,52914,7
HZ80,HZ80_chip_top_14_0,0,1,0.0,1.0,100119,20
HZ80,HZ80_chip_top_14_0,1,1,1.0,1.0,89184,22
HZ80,HZ80_chip_top_14_0,0,2,0.0,2.0,100144,10
HZ80,HZ80_chip_top_14_0,1,2,1.0,2.0,89221,38
HZ80,HZ80_chip_top_14_0,0,3,0.0,3.0,106688,1977
HZ80,HZ80_chip_top_14_0,1,3,1.0,3.0,100796,2977
HZ80,HZ80_chip_top_14_0,0,4,0.0,4.0,70919,25
HZ80,HZ80_chip_top_14_0,1,4,1.0,4.0,63002,64
HZ80,HZ80_chip_top_14_0,0,5,0.0,5.0,882,0
HZ80,HZ80_chip_top_14_0,1,5,1.0,5.0,570,0
TRID,TRID_TOP_14_2,0,0,0.0,0.0,9656,0
TRID,TRID_TOP_14_2,1,0,1.0,0.0,9286,0
TRID,TRID_TOP_14_2,0,1,0.0,1.0,10991,0
TRID,TRID_TOP_14_2,1,1,1.0,1.0,12015,0
TRID,TRID_TOP_14_2,0,2,0.0,2.0,12119,0
TRID,TRID_TOP_14_2,1,2,1.0,2.0,10483,0
TRID,TRID_TOP_14_2,0,3,0.0,3.0,10637,0
TRID,TRID_TOP_14_2,1,3,1.0,3.0,9675,0
TRID,TRID_TOP_14_2,0,4,0.0,4.0,8712,0
TRID,TRID_TOP_14_2,1,4,1.0,4.0,7891,0
TRID,TRID_TOP_14_2,0,5,0.0,5.0,877,0
TRID,TRID_TOP_14_2,1,5,1.0,5.0,775,0
GD02,GD02_chip_top_14_4,1,0,1.0,0.0,66925,70
GD02,GD02_chip_top_14_4,1,1,1.0,1.0,139655,8623
GD02,GD02_chip_top_14_4,1,2,1.0,2.0,151080,11735
GD02,GD02_chip_top_14_4,1,3,1.0,3.0,150216,10692
GD02,GD02_chip_top_14_4,1,4,1.0,4.0,80878,492
GD02,GD02_chip_top_14_4,0,5,0.0,5.0,615,0
GD02,GD02_chip_top_14_4,1,5,1.0,5.0,570,0
TQVB,TQVB_chip_top_14_6,0,0,0.0,0.0,74890,15
TQVB,TQVB_chip_top_14_6,1,0,1.0,0.0,66597,1
TQVB,TQVB_chip_top_14_6,1,1,1.0,1.0,122334,4139
TQVB,TQVB_chip_top_14_6,0,2,0.0,2.0,157337,13005
TQVB,TQVB_chip_top_14_6,1,2,1.0,2.0,141093,11550
TQVB,TQVB_chip_top_14_6,0,3,0.0,3.0,140443,3890
TQVB,TQVB_chip_top_14_6,1,3,1.0,3.0,118436,2097
TQVB,TQVB_chip_top_14_6,0,4,0.0,4.0,88476,1
TQVB,TQVB_chip_top_14_6,1,4,1.0,4.0,78397,0
TQVB,TQVB_chip_top_14_6,0,5,0.0,5.0,858,0
TQVB,TQVB_chip_top_14_6,1,5,1.0,5.0,546,0
TQVA,TQVA_chip_top_14_8,0,0,0.0,0.0,96321,6885
TQVA,TQVA_chip_top_14_8,1,0,1.0,0.0,83051,6703
TQVA,TQVA_chip_top_14_8,1,1,1.0,1.0,143071,11740
TQVA,TQVA_chip_top_14_8,0,2,0.0,2.0,16483,1256
TQVA,TQVA_chip_top_14_8,1,2,1.0,2.0,15122,899
