slot_id,cell_name,die_area_mm2,sram_area_mm2,pad_area_mm2
BTAP,BTAP_chip_top_0_0,20.1397,1.8029,0.4287
RZ80,RZ80_chip_top_0_2,20.1397,0.0000,0.4287
TZ01,TZ01_chip_top_0_4,20.1397,0.4111,0.4287
2975,2975_chip_top_0_6,20.1397,0.0000,0.2775
JKU2,JKU2_chip_top_0_8,9.9519,0.0000,0.3749
BTAP,BTAP_chip_top_2_0,20.1397,1.8029,0.4287
RZ80,RZ80_chip_top_2_2,20.1397,0.0000,0.4287
TZ01,TZ01_chip_top_2_4,20.1397,0.4111,0.4287
2975,2975_chip_top_2_6,20.1397,0.0000,0.2775
OCD2,OCD2_gf180mcu_ocd_sram_top_2_8,9.9519,0.1346,0.3749
MOSB,MOSB_chip_top_4_0,20.1397,0.0000,0.4287
MOSB,MOSB_chip_top_4_2,20.1397,0.0000,0.4287
OCD2,OCD2_gf180mcu_ocd_sram_top_4_8,9.9519,0.1346,0.3749
AS03,AS03_chip_top_6_0,20.1397,0.0000,0.4287
TTPG,TTPG_tt_gf_wrapper_6_2,20.1397,0.0000,0.4287
TTP2,TTP2_tt_gf_wrapper_6_4,20.1397,0.0000,0.4287
GD03,GD03_chip_top_6_6,20.1397,1.5909,0.4287
GD04,GD04_chip_top_6_8,9.9519,0.4150,0.3749
KIAN,KIAN_chip_top_8_0,20.1397,1.4525,0.4287
BRWN,BRWN_ENGN2912E_TOP_8_2,20.1397,0.0000,0.4287
MOLE,MOLE_chip_top_8_4,20.1397,0.4150,0.4287
OCD1,OCD1_caravel_openframe_top_8_6,20.1397,0.2040,0.3891
TQVC,TQVC_chip_top_8_8,9.9519,0.0692,0.3749
JKU1,JKU1_chip_top_10_0,20.1397,0.0000,0.4287
WSLG,WSLG_chip_top_10_2,20.1397,0.0000,0.4287
CHES,CHES_chip_top_10_4,20.1397,0.0000,0.4287
MOS2,MOS2_chip_top_10_6,20.1397,0.0000,0.7455
GD04,GD04_chip_top_10_8,9.9519,0.4150,0.3749
CAFE,CAFE_chip_top_12_0,20.1397,1.3834,0.4287
RZML,RZML_chip_top_12_2,20.1397,0.0000,0.4287
ISHI,ISHI_ISHI-KAI_WS_RUN1_12_4,20.1397,0.0000,1.9910
RBOY,RBOY_chip_top_12_6,20.1397,2.0081,0.4287
TQVC,TQVC_chip_top_12_8,9.9519,0.0692,0.3749
HZ80,HZ80_chip_top_14_0,9.9162,0.0000,0.3856
TRID,TRID_TOP_14_2,9.9162,0.0000,0.7844
GD02,GD02_chip_top_14_4,9.9162,0.6225,0.3856
TQVB,TQVB_chip_top_14_6,9.9162,0.0692,0.3856
TQVA,TQVA_chip_top_14_8,4.9000,0.0692,0.2813
